id,active,type,product_tmpl_id/id,product_qty,product_uom_id/id,sequence,ready_to_produce,picking_type_id/id,company_id/id,consumption,produce_delay,days_to_prepare_mo,version,x_studio_bom_total_material_cost,x_studio_currency_id/id,x_studio_last_updated_date_cost
mrp_bom_id_8035,1,normal,Jinasena_MasterData_Stock.product_template_centric_type_pumping_unit_n110t_1n,1.0,uom.product_uom_unit,0,all_available,Jinasena_MasterData_Stock.stock_picking_type_manufacturing_143,seed_master_data_and_settings.company_jinasena_pvt_ltd,flexible,0,0,1,15517.23,base.LKR,2025-07-17 08:12:56
mrp_bom_id_8336,1,normal,Jinasena_MasterData_Stock.product_template_multi_chopper_6hp_tractor_type,1.0,uom.product_uom_unit,0,all_available,Jinasena_MasterData_Stock.stock_picking_type_manufacturing_505,seed_master_data_and_settings.company_jinasena_agricultural_machinery,warning,0,0,1,0.0,base.LKR,
mrp_bom_id_287,1,normal,Jinasena_MasterData_Stock.product_template_multi_chopper_with_10hp_engine,1.0,uom.product_uom_unit,0,all_available,Jinasena_MasterData_Stock.stock_picking_type_manufacturing_505,seed_master_data_and_settings.company_jinasena_agricultural_machinery,warning,0,0,1,0.0,base.LKR,
mrp_bom_id_289,1,normal,Jinasena_MasterData_Stock.product_template_main_body_stand_assembly,1.0,uom.product_uom_unit,0,all_available,Jinasena_MasterData_Stock.stock_picking_type_manufacturing_760,seed_master_data_and_settings.company_jinasena_agricultural_machinery,warning,0,0,1,0.0,base.LKR,
mrp_bom_id_294,1,normal,Jinasena_MasterData_Stock.product_template_drum_assembly_without_bearing,1.0,uom.product_uom_unit,0,all_available,Jinasena_MasterData_Stock.stock_picking_type_manufacturing_760,seed_master_data_and_settings.company_jinasena_agricultural_machinery,warning,0,0,1,0.0,base.LKR,
mrp_bom_id_296,1,normal,Jinasena_MasterData_Stock.product_template_top_side_hopper_assembly,1.0,uom.product_uom_unit,0,all_available,Jinasena_MasterData_Stock.stock_picking_type_manufacturing_760,seed_master_data_and_settings.company_jinasena_agricultural_machinery,warning,0,0,1,0.0,base.LKR,
mrp_bom_id_300,1,normal,Jinasena_MasterData_Stock.product_template_concave_side_guard_strip_1,1.0,uom.product_uom_unit,0,all_available,Jinasena_MasterData_Stock.stock_picking_type_manufacturing_760,seed_master_data_and_settings.company_jinasena_agricultural_machinery,warning,0,0,1,0.0,base.LKR,
mrp_bom_id_302,1,normal,Jinasena_MasterData_Stock.product_template_concave_side_guard_strip_2,1.0,uom.product_uom_unit,0,all_available,Jinasena_MasterData_Stock.stock_picking_type_manufacturing_760,seed_master_data_and_settings.company_jinasena_agricultural_machinery,warning,0,0,1,0.0,base.LKR,
mrp_bom_id_304,1,normal,Jinasena_MasterData_Stock.product_template_concave_side_guard,1.0,uom.product_uom_unit,0,all_available,Jinasena_MasterData_Stock.stock_picking_type_manufacturing_760,seed_master_data_and_settings.company_jinasena_agricultural_machinery,warning,0,0,1,0.0,base.LKR,
mrp_bom_id_306,1,normal,Jinasena_MasterData_Stock.product_template_concave_assembly_329581,1.0,uom.product_uom_unit,0,all_available,Jinasena_MasterData_Stock.stock_picking_type_manufacturing_760,seed_master_data_and_settings.company_jinasena_agricultural_machinery,warning,0,0,1,0.0,base.LKR,
mrp_bom_id_308,1,normal,Jinasena_MasterData_Stock.product_template_engine_base_assembly_jmc10d,1.0,uom.product_uom_unit,0,all_available,Jinasena_MasterData_Stock.stock_picking_type_manufacturing_760,seed_master_data_and_settings.company_jinasena_agricultural_machinery,warning,0,0,1,0.0,base.LKR,
mrp_bom_id_312,1,normal,Jinasena_MasterData_Stock.product_template_stand_base_jmc6,1.0,uom.product_uom_unit,0,all_available,Jinasena_MasterData_Stock.stock_picking_type_manufacturing_760,seed_master_data_and_settings.company_jinasena_agricultural_machinery,warning,0,0,1,0.0,base.LKR,
mrp_bom_id_314,1,normal,Jinasena_MasterData_Stock.product_template_belt_guard_plate,1.0,uom.product_uom_unit,0,all_available,Jinasena_MasterData_Stock.stock_picking_type_manufacturing_760,seed_master_data_and_settings.company_jinasena_agricultural_machinery,warning,0,0,1,0.0,base.LKR,
mrp_bom_id_320,1,normal,Jinasena_MasterData_Stock.product_template_sieve_bracket_2,1.0,uom.product_uom_unit,0,all_available,Jinasena_MasterData_Stock.stock_picking_type_manufacturing_760,seed_master_data_and_settings.company_jinasena_agricultural_machinery,warning,0,0,1,0.0,base.LKR,
mrp_bom_id_432,1,normal,Jinasena_MasterData_Stock.product_template_coconut_husk_chipping_machine_2hp_1s,1.0,uom.product_uom_unit,0,all_available,Jinasena_MasterData_Stock.stock_picking_type_manufacturing_505,seed_master_data_and_settings.company_jinasena_agricultural_machinery,warning,0,0,1,0.0,base.LKR,
mrp_bom_id_486,1,normal,Jinasena_MasterData_Stock.product_template_main_body_assembly_ss_du10,1.0,uom.product_uom_unit,0,all_available,Jinasena_MasterData_Stock.stock_picking_type_manufacturing_505,seed_master_data_and_settings.company_jinasena_agricultural_machinery,warning,0,0,1,0.0,base.LKR,
mrp_bom_id_487,1,normal,Jinasena_MasterData_Stock.product_template_drum_assembly_ss_du10,1.0,uom.product_uom_unit,0,all_available,,seed_master_data_and_settings.company_jinasena_agricultural_machinery,warning,0,0,1,0.0,base.LKR,
mrp_bom_id_488,1,normal,Jinasena_MasterData_Stock.product_template_concave_assembly_ss_du10,1.0,uom.product_uom_unit,0,all_available,,seed_master_data_and_settings.company_jinasena_agricultural_machinery,warning,0,0,1,0.0,base.LKR,
mrp_bom_id_489,1,normal,Jinasena_MasterData_Stock.product_template_hoppers_guard_assy_ss_du10,1.0,uom.product_uom_unit,0,all_available,,seed_master_data_and_settings.company_jinasena_agricultural_machinery,warning,0,0,1,0.0,base.LKR,
mrp_bom_id_490,1,normal,Jinasena_MasterData_Stock.product_template_side_plate_main_body,1.0,uom.product_uom_unit,0,all_available,,seed_master_data_and_settings.company_jinasena_agricultural_machinery,warning,0,0,1,0.0,base.LKR,
mrp_bom_id_491,1,normal,Jinasena_MasterData_Stock.product_template_inner_plate_1,1.0,uom.product_uom_unit,0,all_available,,seed_master_data_and_settings.company_jinasena_agricultural_machinery,warning,0,0,1,0.0,base.LKR,
mrp_bom_id_492,1,normal,Jinasena_MasterData_Stock.product_template_inner_plate_2,1.0,uom.product_uom_unit,0,all_available,,seed_master_data_and_settings.company_jinasena_agricultural_machinery,warning,0,0,1,0.0,base.LKR,
mrp_bom_id_493,1,normal,Jinasena_MasterData_Stock.product_template_inner_plate_3,1.0,uom.product_uom_unit,0,all_available,,seed_master_data_and_settings.company_jinasena_agricultural_machinery,warning,0,0,1,0.0,base.LKR,
mrp_bom_id_494,1,normal,Jinasena_MasterData_Stock.product_template_innet_plate_top,1.0,uom.product_uom_unit,0,all_available,,seed_master_data_and_settings.company_jinasena_agricultural_machinery,warning,0,0,1,0.0,base.LKR,
mrp_bom_id_495,1,normal,Jinasena_MasterData_Stock.product_template_inner_side_plate_rib,1.0,uom.product_uom_unit,0,all_available,,seed_master_data_and_settings.company_jinasena_agricultural_machinery,warning,0,0,1,0.0,base.LKR,
mrp_bom_id_496,1,normal,Jinasena_MasterData_Stock.product_template_motor_base_reinforcement,1.0,uom.product_uom_unit,0,all_available,,seed_master_data_and_settings.company_jinasena_agricultural_machinery,warning,0,0,1,0.0,base.LKR,
mrp_bom_id_497,1,normal,Jinasena_MasterData_Stock.product_template_frame_reinforcement_1,1.0,uom.product_uom_unit,0,all_available,,seed_master_data_and_settings.company_jinasena_agricultural_machinery,warning,0,0,1,0.0,base.LKR,
mrp_bom_id_498,1,normal,Jinasena_MasterData_Stock.product_template_bearing_plate_330299,1.0,uom.product_uom_unit,0,all_available,,seed_master_data_and_settings.company_jinasena_agricultural_machinery,warning,0,0,1,0.0,base.LKR,
mrp_bom_id_499,1,normal,Jinasena_MasterData_Stock.product_template_motor_bracket_plate,1.0,uom.product_uom_unit,0,all_available,,seed_master_data_and_settings.company_jinasena_agricultural_machinery,warning,0,0,1,0.0,base.LKR,
mrp_bom_id_500,1,normal,Jinasena_MasterData_Stock.product_template_hook_for_rubber_guard,1.0,uom.product_uom_unit,0,all_available,,seed_master_data_and_settings.company_jinasena_agricultural_machinery,warning,0,0,1,0.0,base.LKR,
mrp_bom_id_501,1,normal,Jinasena_MasterData_Stock.product_template_belt_guard_bracket_330302,1.0,uom.product_uom_unit,0,all_available,,seed_master_data_and_settings.company_jinasena_agricultural_machinery,warning,0,0,1,0.0,base.LKR,
mrp_bom_id_502,1,normal,Jinasena_MasterData_Stock.product_template_motor_base_plate,1.0,uom.product_uom_unit,0,all_available,,seed_master_data_and_settings.company_jinasena_agricultural_machinery,warning,0,0,1,0.0,base.LKR,
mrp_bom_id_503,1,normal,Jinasena_MasterData_Stock.product_template_pin_removing_bush,1.0,uom.product_uom_unit,0,all_available,,seed_master_data_and_settings.company_jinasena_agricultural_machinery,warning,0,0,1,0.0,base.LKR,
mrp_bom_id_504,1,normal,Jinasena_MasterData_Stock.product_template_side_hopper_mount_bracket,1.0,uom.product_uom_unit,0,all_available,,seed_master_data_and_settings.company_jinasena_agricultural_machinery,warning,0,0,1,0.0,base.LKR,
mrp_bom_id_505,1,normal,Jinasena_MasterData_Stock.product_template_rein_bush_for_sq_box_frame,1.0,uom.product_uom_unit,0,all_available,,seed_master_data_and_settings.company_jinasena_agricultural_machinery,warning,0,0,1,0.0,base.LKR,
mrp_bom_id_506,1,normal,Jinasena_MasterData_Stock.product_template_main_sq_tube_structure,1.0,uom.product_uom_unit,0,all_available,,seed_master_data_and_settings.company_jinasena_agricultural_machinery,warning,0,0,1,0.0,base.LKR,
mrp_bom_id_507,1,normal,Jinasena_MasterData_Stock.product_template_main_sq_tube_frame_end,1.0,uom.product_uom_unit,0,all_available,,seed_master_data_and_settings.company_jinasena_agricultural_machinery,warning,0,0,1,0.0,base.LKR,
mrp_bom_id_508,1,normal,Jinasena_MasterData_Stock.product_template_rubber_guard_mount_plate,1.0,uom.product_uom_unit,0,all_available,,seed_master_data_and_settings.company_jinasena_agricultural_machinery,warning,0,0,1,0.0,base.LKR,
mrp_bom_id_509,1,normal,Jinasena_MasterData_Stock.product_template_drum_circular_plate_330310,1.0,uom.product_uom_unit,0,all_available,,seed_master_data_and_settings.company_jinasena_agricultural_machinery,warning,0,0,1,0.0,base.LKR,
mrp_bom_id_510,1,normal,Jinasena_MasterData_Stock.product_template_drum_square_plate_330311,1.0,uom.product_uom_unit,0,all_available,,seed_master_data_and_settings.company_jinasena_agricultural_machinery,warning,0,0,1,0.0,base.LKR,
mrp_bom_id_511,1,normal,Jinasena_MasterData_Stock.product_template_drum_shaft_330312,1.0,uom.product_uom_unit,0,all_available,,seed_master_data_and_settings.company_jinasena_agricultural_machinery,warning,0,0,1,0.0,base.LKR,
mrp_bom_id_512,1,normal,Jinasena_MasterData_Stock.product_template_drum_bush_330313,1.0,uom.product_uom_unit,0,all_available,,seed_master_data_and_settings.company_jinasena_agricultural_machinery,warning,0,0,1,0.0,base.LKR,
mrp_bom_id_513,1,normal,Jinasena_MasterData_Stock.product_template_blade_hanging_pin_ss_du10,1.0,uom.product_uom_unit,0,all_available,,seed_master_data_and_settings.company_jinasena_agricultural_machinery,warning,0,0,1,0.0,base.LKR,
mrp_bom_id_514,1,normal,Jinasena_MasterData_Stock.product_template_side_blades_du10_pair,1.0,uom.product_uom_unit,0,all_available,,seed_master_data_and_settings.company_jinasena_agricultural_machinery,warning,0,0,1,0.0,base.LKR,
mrp_bom_id_515,1,normal,Jinasena_MasterData_Stock.product_template_blade_guider,1.0,uom.product_uom_unit,0,all_available,,seed_master_data_and_settings.company_jinasena_agricultural_machinery,warning,0,0,1,0.0,base.LKR,
mrp_bom_id_516,1,normal,Jinasena_MasterData_Stock.product_template_drum_motor_pulley_key,1.0,uom.product_uom_unit,0,all_available,,seed_master_data_and_settings.company_jinasena_agricultural_machinery,warning,0,0,1,0.0,base.LKR,
mrp_bom_id_517,1,normal,Jinasena_MasterData_Stock.product_template_spacer_for_new_type_drum,1.0,uom.product_uom_unit,0,all_available,,seed_master_data_and_settings.company_jinasena_agricultural_machinery,warning,0,0,1,0.0,base.LKR,
mrp_bom_id_518,1,normal,Jinasena_MasterData_Stock.product_template_blade_holder_for_new_type_drum,1.0,uom.product_uom_unit,0,all_available,,seed_master_data_and_settings.company_jinasena_agricultural_machinery,warning,0,0,1,0.0,base.LKR,
mrp_bom_id_519,1,normal,Jinasena_MasterData_Stock.product_template_drum_triangular_plate,1.0,uom.product_uom_unit,0,all_available,,seed_master_data_and_settings.company_jinasena_agricultural_machinery,warning,0,0,1,0.0,base.LKR,
mrp_bom_id_520,1,normal,Jinasena_MasterData_Stock.product_template_concave_plate_330324,1.0,uom.product_uom_unit,0,all_available,,seed_master_data_and_settings.company_jinasena_agricultural_machinery,warning,0,0,1,0.0,base.LKR,
mrp_bom_id_521,1,normal,Jinasena_MasterData_Stock.product_template_concave_ros,1.0,uom.product_uom_unit,0,all_available,,seed_master_data_and_settings.company_jinasena_agricultural_machinery,warning,0,0,1,0.0,base.LKR,
mrp_bom_id_522,1,normal,Jinasena_MasterData_Stock.product_template_concave_part_rod,1.0,uom.product_uom_unit,0,all_available,,seed_master_data_and_settings.company_jinasena_agricultural_machinery,warning,0,0,1,0.0,base.LKR,
mrp_bom_id_523,1,normal,Jinasena_MasterData_Stock.product_template_concave_fixing_bush,1.0,uom.product_uom_unit,0,all_available,,seed_master_data_and_settings.company_jinasena_agricultural_machinery,warning,0,0,1,0.0,base.LKR,
mrp_bom_id_524,1,normal,Jinasena_MasterData_Stock.product_template_concave_fixing_bush_330328,1.0,uom.product_uom_unit,0,all_available,,seed_master_data_and_settings.company_jinasena_agricultural_machinery,warning,0,0,1,0.0,base.LKR,
mrp_bom_id_525,1,normal,Jinasena_MasterData_Stock.product_template_concave_fixing_pin_guide,1.0,uom.product_uom_unit,0,all_available,,seed_master_data_and_settings.company_jinasena_agricultural_machinery,warning,0,0,1,0.0,base.LKR,
mrp_bom_id_526,1,normal,Jinasena_MasterData_Stock.product_template_concave_handle_330330,1.0,uom.product_uom_unit,0,all_available,,seed_master_data_and_settings.company_jinasena_agricultural_machinery,warning,0,0,1,0.0,base.LKR,
mrp_bom_id_527,1,normal,Jinasena_MasterData_Stock.product_template_side_hopper_plate_1,1.0,uom.product_uom_unit,0,all_available,,seed_master_data_and_settings.company_jinasena_agricultural_machinery,warning,0,0,1,0.0,base.LKR,
mrp_bom_id_528,1,normal,Jinasena_MasterData_Stock.product_template_side_hopper_plate_2,1.0,uom.product_uom_unit,0,all_available,,seed_master_data_and_settings.company_jinasena_agricultural_machinery,warning,0,0,1,0.0,base.LKR,
mrp_bom_id_529,1,normal,Jinasena_MasterData_Stock.product_template_side_hopper_plate_3,1.0,uom.product_uom_unit,0,all_available,,seed_master_data_and_settings.company_jinasena_agricultural_machinery,warning,0,0,1,0.0,base.LKR,
mrp_bom_id_530,1,normal,Jinasena_MasterData_Stock.product_template_side_hopper_door,1.0,uom.product_uom_unit,0,all_available,,seed_master_data_and_settings.company_jinasena_agricultural_machinery,warning,0,0,1,0.0,base.LKR,
mrp_bom_id_531,1,normal,Jinasena_MasterData_Stock.product_template_side_hopper_cover_plate,1.0,uom.product_uom_unit,0,all_available,,seed_master_data_and_settings.company_jinasena_agricultural_machinery,warning,0,0,1,0.0,base.LKR,
mrp_bom_id_532,1,normal,Jinasena_MasterData_Stock.product_template_side_hopper_plate,1.0,uom.product_uom_unit,0,all_available,,seed_master_data_and_settings.company_jinasena_agricultural_machinery,warning,0,0,1,0.0,base.LKR,
mrp_bom_id_533,1,normal,Jinasena_MasterData_Stock.product_template_hinge_bush_for_door,1.0,uom.product_uom_unit,0,all_available,,seed_master_data_and_settings.company_jinasena_agricultural_machinery,warning,0,0,1,0.0,base.LKR,
mrp_bom_id_534,1,normal,Jinasena_MasterData_Stock.product_template_water_line_adupter,1.0,uom.product_uom_unit,0,all_available,,seed_master_data_and_settings.company_jinasena_agricultural_machinery,warning,0,0,1,0.0,base.LKR,
mrp_bom_id_535,1,normal,Jinasena_MasterData_Stock.product_template_belt_guard_plate_1_330343,1.0,uom.product_uom_unit,0,all_available,,seed_master_data_and_settings.company_jinasena_agricultural_machinery,warning,0,0,1,0.0,base.LKR,
mrp_bom_id_536,1,normal,Jinasena_MasterData_Stock.product_template_belt_guard_plate_330344,1.0,uom.product_uom_unit,0,all_available,,seed_master_data_and_settings.company_jinasena_agricultural_machinery,warning,0,0,1,0.0,base.LKR,
mrp_bom_id_537,1,normal,Jinasena_MasterData_Stock.product_template_spring_clip_r_clip,1.0,uom.product_uom_unit,0,all_available,,seed_master_data_and_settings.company_jinasena_agricultural_machinery,warning,0,0,1,0.0,base.LKR,
mrp_bom_id_538,1,normal,Jinasena_MasterData_Stock.product_template_s_s_waste_disposal_chop_unt_jial,1.0,uom.product_uom_unit,0,all_available,Jinasena_MasterData_Stock.stock_picking_type_manufacturing_505,seed_master_data_and_settings.company_jinasena_agricultural_machinery,warning,0,0,1,0.0,base.LKR,
mrp_bom_id_683,1,normal,Jinasena_MasterData_Stock.product_template_main_frame_assembly,1.0,uom.product_uom_unit,0,all_available,,seed_master_data_and_settings.company_jinasena_agricultural_machinery,warning,0,0,1,0.0,base.LKR,
mrp_bom_id_686,1,normal,Jinasena_MasterData_Stock.product_template_guard_for_plywheel_side,1.0,uom.product_uom_unit,0,all_available,,seed_master_data_and_settings.company_jinasena_agricultural_machinery,warning,0,0,1,0.0,base.LKR,
mrp_bom_id_687,1,normal,Jinasena_MasterData_Stock.product_template_chopping_drum_ass_y_js25e,1.0,uom.product_uom_unit,0,all_available,,seed_master_data_and_settings.company_jinasena_agricultural_machinery,warning,0,0,1,0.0,base.LKR,
mrp_bom_id_688,1,normal,Jinasena_MasterData_Stock.product_template_convayer_feeding_hopper,1.0,uom.product_uom_unit,0,all_available,,seed_master_data_and_settings.company_jinasena_agricultural_machinery,warning,0,0,1,0.0,base.LKR,
mrp_bom_id_689,1,normal,Jinasena_MasterData_Stock.product_template_final_ass_y_js_25e,1.0,uom.product_uom_unit,0,all_available,,seed_master_data_and_settings.company_jinasena_agricultural_machinery,warning,0,0,1,0.0,base.LKR,
mrp_bom_id_690,1,normal,Jinasena_MasterData_Stock.product_template_auxiliary_chasse_beam_l_2,1.0,uom.product_uom_unit,0,all_available,,seed_master_data_and_settings.company_jinasena_agricultural_machinery,warning,0,0,1,0.0,base.LKR,
mrp_bom_id_691,1,normal,Jinasena_MasterData_Stock.product_template_main_frame_beam_s,1.0,uom.product_uom_unit,0,all_available,,seed_master_data_and_settings.company_jinasena_agricultural_machinery,warning,0,0,1,0.0,base.LKR,
mrp_bom_id_692,1,normal,Jinasena_MasterData_Stock.product_template_beam_vertical_1,1.0,uom.product_uom_unit,0,all_available,,seed_master_data_and_settings.company_jinasena_agricultural_machinery,warning,0,0,1,0.0,base.LKR,
mrp_bom_id_695,1,normal,Jinasena_MasterData_Stock.product_template_motor_bracket_330461,1.0,uom.product_uom_unit,0,all_available,,seed_master_data_and_settings.company_jinasena_agricultural_machinery,warning,0,0,1,0.0,base.LKR,
mrp_bom_id_696,1,normal,Jinasena_MasterData_Stock.product_template_motor_mounting_plate,1.0,uom.product_uom_unit,0,all_available,,seed_master_data_and_settings.company_jinasena_agricultural_machinery,warning,0,0,1,0.0,base.LKR,
mrp_bom_id_697,1,normal,Jinasena_MasterData_Stock.product_template_hinge_pin,1.0,uom.product_uom_unit,0,all_available,,seed_master_data_and_settings.company_jinasena_agricultural_machinery,warning,0,0,1,0.0,base.LKR,
mrp_bom_id_698,1,normal,Jinasena_MasterData_Stock.product_template_hing_bush,1.0,uom.product_uom_unit,0,all_available,,seed_master_data_and_settings.company_jinasena_agricultural_machinery,warning,0,0,1,0.0,base.LKR,
mrp_bom_id_699,1,normal,Jinasena_MasterData_Stock.product_template_locking_bushes,1.0,uom.product_uom_unit,0,all_available,,seed_master_data_and_settings.company_jinasena_agricultural_machinery,warning,0,0,1,0.0,base.LKR,
mrp_bom_id_700,1,normal,Jinasena_MasterData_Stock.product_template_locking_pin,1.0,uom.product_uom_unit,0,all_available,,seed_master_data_and_settings.company_jinasena_agricultural_machinery,warning,0,0,1,0.0,base.LKR,
mrp_bom_id_701,1,normal,Jinasena_MasterData_Stock.product_template_bearing_plate,1.0,uom.product_uom_unit,0,all_available,,seed_master_data_and_settings.company_jinasena_agricultural_machinery,warning,0,0,1,0.0,base.LKR,
mrp_bom_id_702,1,normal,Jinasena_MasterData_Stock.product_template_machine_mounting_plates,1.0,uom.product_uom_unit,0,all_available,,seed_master_data_and_settings.company_jinasena_agricultural_machinery,warning,0,0,1,0.0,base.LKR,
mrp_bom_id_703,1,normal,Jinasena_MasterData_Stock.product_template_top_curved_plate,1.0,uom.product_uom_unit,0,all_available,,seed_master_data_and_settings.company_jinasena_agricultural_machinery,warning,0,0,1,0.0,base.LKR,
mrp_bom_id_704,1,normal,Jinasena_MasterData_Stock.product_template_bottem_curved_plate,1.0,uom.product_uom_unit,0,all_available,,seed_master_data_and_settings.company_jinasena_agricultural_machinery,warning,0,0,1,0.0,base.LKR,
mrp_bom_id_705,1,normal,Jinasena_MasterData_Stock.product_template_side_plates,1.0,uom.product_uom_unit,0,all_available,,seed_master_data_and_settings.company_jinasena_agricultural_machinery,warning,0,0,1,0.0,base.LKR,
mrp_bom_id_706,1,normal,Jinasena_MasterData_Stock.product_template_curved_plate_for_feeding,1.0,uom.product_uom_unit,0,all_available,,seed_master_data_and_settings.company_jinasena_agricultural_machinery,warning,0,0,1,0.0,base.LKR,
mrp_bom_id_707,1,normal,Jinasena_MasterData_Stock.product_template_side_plates_for_feeding,1.0,uom.product_uom_unit,0,all_available,,seed_master_data_and_settings.company_jinasena_agricultural_machinery,warning,0,0,1,0.0,base.LKR,
mrp_bom_id_708,1,normal,Jinasena_MasterData_Stock.product_template_louvres,1.0,uom.product_uom_unit,0,all_available,,seed_master_data_and_settings.company_jinasena_agricultural_machinery,warning,0,0,1,0.0,base.LKR,
mrp_bom_id_709,1,normal,Jinasena_MasterData_Stock.product_template_separate_plate_330475,1.0,uom.product_uom_unit,0,all_available,,seed_master_data_and_settings.company_jinasena_agricultural_machinery,warning,0,0,1,0.0,base.LKR,
mrp_bom_id_710,1,normal,Jinasena_MasterData_Stock.product_template_guard_plate_1,1.0,uom.product_uom_unit,0,all_available,,seed_master_data_and_settings.company_jinasena_agricultural_machinery,warning,0,0,1,0.0,base.LKR,
mrp_bom_id_711,1,normal,Jinasena_MasterData_Stock.product_template_guard_plate_2,1.0,uom.product_uom_unit,0,all_available,,seed_master_data_and_settings.company_jinasena_agricultural_machinery,warning,0,0,1,0.0,base.LKR,
mrp_bom_id_712,1,normal,Jinasena_MasterData_Stock.product_template_guard_bracket_330478,1.0,uom.product_uom_unit,0,all_available,,seed_master_data_and_settings.company_jinasena_agricultural_machinery,warning,0,0,1,0.0,base.LKR,
mrp_bom_id_713,1,normal,Jinasena_MasterData_Stock.product_template_guard_mesh_top,1.0,uom.product_uom_unit,0,all_available,,seed_master_data_and_settings.company_jinasena_agricultural_machinery,warning,0,0,1,0.0,base.LKR,
mrp_bom_id_714,1,normal,Jinasena_MasterData_Stock.product_template_guard_mesh_side,1.0,uom.product_uom_unit,0,all_available,,seed_master_data_and_settings.company_jinasena_agricultural_machinery,warning,0,0,1,0.0,base.LKR,
mrp_bom_id_715,1,normal,Jinasena_MasterData_Stock.product_template_mesh_raieforcement,1.0,uom.product_uom_unit,0,all_available,,seed_master_data_and_settings.company_jinasena_agricultural_machinery,warning,0,0,1,0.0,base.LKR,
mrp_bom_id_716,1,normal,Jinasena_MasterData_Stock.product_template_guard_bracket_330482,1.0,uom.product_uom_unit,0,all_available,,seed_master_data_and_settings.company_jinasena_agricultural_machinery,warning,0,0,1,0.0,base.LKR,
mrp_bom_id_717,1,normal,Jinasena_MasterData_Stock.product_template_drum_shaft_330483,1.0,uom.product_uom_unit,0,all_available,,seed_master_data_and_settings.company_jinasena_agricultural_machinery,warning,0,0,1,0.0,base.LKR,
mrp_bom_id_718,1,normal,Jinasena_MasterData_Stock.product_template_impeller_plate,1.0,uom.product_uom_unit,0,all_available,,seed_master_data_and_settings.company_jinasena_agricultural_machinery,warning,0,0,1,0.0,base.LKR,
mrp_bom_id_719,1,normal,Jinasena_MasterData_Stock.product_template_impeller_vans,1.0,uom.product_uom_unit,0,all_available,,seed_master_data_and_settings.company_jinasena_agricultural_machinery,warning,0,0,1,0.0,base.LKR,
mrp_bom_id_721,1,normal,Jinasena_MasterData_Stock.product_template_hop_pheriparal,1.0,uom.product_uom_unit,0,all_available,,seed_master_data_and_settings.company_jinasena_agricultural_machinery,warning,0,0,1,0.0,base.LKR,
mrp_bom_id_722,1,normal,Jinasena_MasterData_Stock.product_template_hop_sides,1.0,uom.product_uom_unit,0,all_available,,seed_master_data_and_settings.company_jinasena_agricultural_machinery,warning,0,0,1,0.0,base.LKR,
mrp_bom_id_723,1,normal,Jinasena_MasterData_Stock.product_template_mounting_bracket_1,1.0,uom.product_uom_unit,0,all_available,,seed_master_data_and_settings.company_jinasena_agricultural_machinery,warning,0,0,1,0.0,base.LKR,
mrp_bom_id_724,1,normal,Jinasena_MasterData_Stock.product_template_mounting_bracket_2,1.0,uom.product_uom_unit,0,all_available,,seed_master_data_and_settings.company_jinasena_agricultural_machinery,warning,0,0,1,0.0,base.LKR,
mrp_bom_id_726,1,normal,Jinasena_MasterData_Stock.product_template_blades_holding_plates,1.0,uom.product_uom_unit,0,all_available,,seed_master_data_and_settings.company_jinasena_agricultural_machinery,warning,0,0,1,0.0,base.LKR,
mrp_bom_id_727,1,normal,Jinasena_MasterData_Stock.product_template_fix_blades,1.0,uom.product_uom_unit,0,all_available,,seed_master_data_and_settings.company_jinasena_agricultural_machinery,warning,0,0,1,0.0,base.LKR,
mrp_bom_id_780,1,normal,Jinasena_MasterData_Stock.product_template_chopping_chamber,1.0,uom.product_uom_unit,0,all_available,Jinasena_MasterData_Stock.stock_picking_type_manufacturing_505,seed_master_data_and_settings.company_jinasena_agricultural_machinery,warning,0,0,1,0.0,base.LKR,
mrp_bom_id_781,1,normal,Jinasena_MasterData_Stock.product_template_guard_for_spocket_side,1.0,uom.product_uom_unit,0,all_available,Jinasena_MasterData_Stock.stock_picking_type_manufacturing_505,seed_master_data_and_settings.company_jinasena_agricultural_machinery,warning,0,0,1,0.0,base.LKR,
mrp_bom_id_789,1,normal,Jinasena_MasterData_Stock.product_template_beam_vertical_2,1.0,uom.product_uom_unit,0,all_available,Jinasena_MasterData_Stock.stock_picking_type_manufacturing_505,seed_master_data_and_settings.company_jinasena_agricultural_machinery,warning,0,0,1,0.0,base.LKR,
mrp_bom_id_790,1,normal,Jinasena_MasterData_Stock.product_template_beam_vertical_3,1.0,uom.product_uom_unit,0,all_available,Jinasena_MasterData_Stock.stock_picking_type_manufacturing_505,seed_master_data_and_settings.company_jinasena_agricultural_machinery,warning,0,0,1,0.0,base.LKR,
mrp_bom_id_816,1,normal,Jinasena_MasterData_Stock.product_template_impiller_bush,1.0,uom.product_uom_unit,0,all_available,Jinasena_MasterData_Stock.stock_picking_type_manufacturing_505,seed_master_data_and_settings.company_jinasena_agricultural_machinery,warning,0,0,1,0.0,base.LKR,
mrp_bom_id_821,1,normal,Jinasena_MasterData_Stock.product_template_pegs_330518,1.0,uom.product_uom_unit,0,all_available,Jinasena_MasterData_Stock.stock_picking_type_manufacturing_505,seed_master_data_and_settings.company_jinasena_agricultural_machinery,warning,0,0,1,0.0,base.LKR,
mrp_bom_id_824,1,normal,Jinasena_MasterData_Stock.product_template_drum_bush_1,1.0,uom.product_uom_unit,0,all_available,Jinasena_MasterData_Stock.stock_picking_type_manufacturing_505,seed_master_data_and_settings.company_jinasena_agricultural_machinery,warning,0,0,1,0.0,base.LKR,
mrp_bom_id_826,1,normal,Jinasena_MasterData_Stock.product_template_convayer_feeding_agrimec_jumbo_shredding,1.0,uom.product_uom_unit,0,all_available,Jinasena_MasterData_Stock.stock_picking_type_manufacturing_505,seed_master_data_and_settings.company_jinasena_agricultural_machinery,warning,0,0,1,0.0,base.LKR,
mrp_bom_id_1063,1,normal,Jinasena_MasterData_Stock.product_template_main_frame_assembly_329542,1.0,uom.product_uom_unit,0,all_available,Jinasena_MasterData_Stock.stock_picking_type_manufacturing_505,seed_master_data_and_settings.company_jinasena_agricultural_machinery,warning,0,0,1,0.0,base.LKR,
mrp_bom_id_1064,1,normal,Jinasena_MasterData_Stock.product_template_auxilary_frame_ass_y,1.0,uom.product_uom_unit,0,all_available,Jinasena_MasterData_Stock.stock_picking_type_manufacturing_505,seed_master_data_and_settings.company_jinasena_agricultural_machinery,warning,0,0,1,0.0,base.LKR,
mrp_bom_id_1065,1,normal,Jinasena_MasterData_Stock.product_template_feeding_chamber_assembly,1.0,uom.product_uom_unit,0,all_available,Jinasena_MasterData_Stock.stock_picking_type_manufacturing_505,seed_master_data_and_settings.company_jinasena_agricultural_machinery,warning,0,0,1,0.0,base.LKR,
mrp_bom_id_1066,1,normal,Jinasena_MasterData_Stock.product_template_chopping_chamber_assembly,1.0,uom.product_uom_unit,0,all_available,Jinasena_MasterData_Stock.stock_picking_type_manufacturing_505,seed_master_data_and_settings.company_jinasena_agricultural_machinery,warning,0,0,1,0.0,base.LKR,
mrp_bom_id_1067,1,normal,Jinasena_MasterData_Stock.product_template_feeding_hopper_assembly,1.0,uom.product_uom_unit,0,all_available,Jinasena_MasterData_Stock.stock_picking_type_manufacturing_505,seed_master_data_and_settings.company_jinasena_agricultural_machinery,warning,0,0,1,0.0,base.LKR,
mrp_bom_id_1068,1,normal,Jinasena_MasterData_Stock.product_template_side_hopper_assembly,1.0,uom.product_uom_unit,0,all_available,Jinasena_MasterData_Stock.stock_picking_type_manufacturing_505,seed_master_data_and_settings.company_jinasena_agricultural_machinery,warning,0,0,1,0.0,base.LKR,
mrp_bom_id_1069,1,normal,Jinasena_MasterData_Stock.product_template_outlet_shoot_assembly,1.0,uom.product_uom_unit,0,all_available,Jinasena_MasterData_Stock.stock_picking_type_manufacturing_505,seed_master_data_and_settings.company_jinasena_agricultural_machinery,warning,0,0,1,0.0,base.LKR,
mrp_bom_id_1070,1,normal,Jinasena_MasterData_Stock.product_template_feeder_assembly,1.0,uom.product_uom_unit,0,all_available,Jinasena_MasterData_Stock.stock_picking_type_manufacturing_505,seed_master_data_and_settings.company_jinasena_agricultural_machinery,warning,0,0,1,0.0,base.LKR,
mrp_bom_id_1071,1,normal,Jinasena_MasterData_Stock.product_template_chopping_drum_assembly,1.0,uom.product_uom_unit,0,all_available,Jinasena_MasterData_Stock.stock_picking_type_manufacturing_505,seed_master_data_and_settings.company_jinasena_agricultural_machinery,warning,0,0,1,0.0,base.LKR,
mrp_bom_id_1072,1,normal,Jinasena_MasterData_Stock.product_template_side_cutter_assembly,1.0,uom.product_uom_unit,0,all_available,Jinasena_MasterData_Stock.stock_picking_type_manufacturing_505,seed_master_data_and_settings.company_jinasena_agricultural_machinery,warning,0,0,1,0.0,base.LKR,
mrp_bom_id_1073,1,normal,Jinasena_MasterData_Stock.product_template_gear_guard_assembly_329558,1.0,uom.product_uom_unit,0,all_available,Jinasena_MasterData_Stock.stock_picking_type_manufacturing_505,seed_master_data_and_settings.company_jinasena_agricultural_machinery,warning,0,0,1,0.0,base.LKR,
mrp_bom_id_1074,1,normal,Jinasena_MasterData_Stock.product_template_belt_guard_assembly_329559,1.0,uom.product_uom_unit,0,all_available,Jinasena_MasterData_Stock.stock_picking_type_manufacturing_505,seed_master_data_and_settings.company_jinasena_agricultural_machinery,warning,0,0,1,0.0,base.LKR,
mrp_bom_id_1075,1,normal,Jinasena_MasterData_Stock.product_template_mud_guard_assembly,1.0,uom.product_uom_unit,0,all_available,Jinasena_MasterData_Stock.stock_picking_type_manufacturing_505,seed_master_data_and_settings.company_jinasena_agricultural_machinery,warning,0,0,1,0.0,base.LKR,
mrp_bom_id_1076,1,normal,Jinasena_MasterData_Stock.product_template_final_assembly_329561,1.0,uom.product_uom_unit,0,all_available,Jinasena_MasterData_Stock.stock_picking_type_manufacturing_505,seed_master_data_and_settings.company_jinasena_agricultural_machinery,warning,0,0,1,0.0,base.LKR,
mrp_bom_id_1077,1,normal,Jinasena_MasterData_Stock.product_template_main_chassy_beab_long,1.0,uom.product_uom_unit,0,all_available,Jinasena_MasterData_Stock.stock_picking_type_manufacturing_505,seed_master_data_and_settings.company_jinasena_agricultural_machinery,warning,0,0,1,0.0,base.LKR,
mrp_bom_id_1078,1,normal,Jinasena_MasterData_Stock.product_template_main_chassy_beab_short,1.0,uom.product_uom_unit,0,all_available,Jinasena_MasterData_Stock.stock_picking_type_manufacturing_505,seed_master_data_and_settings.company_jinasena_agricultural_machinery,warning,0,0,1,0.0,base.LKR,
mrp_bom_id_1079,1,normal,Jinasena_MasterData_Stock.product_template_auxilary_chassy_beam_l,1.0,uom.product_uom_unit,0,all_available,Jinasena_MasterData_Stock.stock_picking_type_manufacturing_505,seed_master_data_and_settings.company_jinasena_agricultural_machinery,warning,0,0,1,0.0,base.LKR,
mrp_bom_id_1080,1,normal,Jinasena_MasterData_Stock.product_template_draw_bar,1.0,uom.product_uom_unit,0,all_available,Jinasena_MasterData_Stock.stock_picking_type_manufacturing_505,seed_master_data_and_settings.company_jinasena_agricultural_machinery,warning,0,0,1,0.0,base.LKR,
mrp_bom_id_1081,1,normal,Jinasena_MasterData_Stock.product_template_draw_bar_support,1.0,uom.product_uom_unit,0,all_available,Jinasena_MasterData_Stock.stock_picking_type_manufacturing_505,seed_master_data_and_settings.company_jinasena_agricultural_machinery,warning,0,0,1,0.0,base.LKR,
mrp_bom_id_1082,1,normal,Jinasena_MasterData_Stock.product_template_draw_bar_end_cross_beam,1.0,uom.product_uom_unit,0,all_available,Jinasena_MasterData_Stock.stock_picking_type_manufacturing_505,seed_master_data_and_settings.company_jinasena_agricultural_machinery,warning,0,0,1,0.0,base.LKR,
mrp_bom_id_1083,1,normal,Jinasena_MasterData_Stock.product_template_axel,1.0,uom.product_uom_unit,0,all_available,Jinasena_MasterData_Stock.stock_picking_type_manufacturing_505,seed_master_data_and_settings.company_jinasena_agricultural_machinery,warning,0,0,1,0.0,base.LKR,
mrp_bom_id_1084,1,normal,Jinasena_MasterData_Stock.product_template_floor_board,1.0,uom.product_uom_unit,0,all_available,Jinasena_MasterData_Stock.stock_picking_type_manufacturing_505,seed_master_data_and_settings.company_jinasena_agricultural_machinery,warning,0,0,1,0.0,base.LKR,
mrp_bom_id_1085,1,normal,Jinasena_MasterData_Stock.product_template_hitch,1.0,uom.product_uom_unit,0,all_available,Jinasena_MasterData_Stock.stock_picking_type_manufacturing_505,seed_master_data_and_settings.company_jinasena_agricultural_machinery,warning,0,0,1,0.0,base.LKR,
mrp_bom_id_1086,1,normal,Jinasena_MasterData_Stock.product_template_wheel_hub_330455,1.0,uom.product_uom_unit,0,all_available,Jinasena_MasterData_Stock.stock_picking_type_manufacturing_505,seed_master_data_and_settings.company_jinasena_agricultural_machinery,warning,0,0,1,0.0,base.LKR,
mrp_bom_id_1087,1,normal,Jinasena_MasterData_Stock.product_template_short_pillers,1.0,uom.product_uom_unit,0,all_available,Jinasena_MasterData_Stock.stock_picking_type_manufacturing_505,seed_master_data_and_settings.company_jinasena_agricultural_machinery,warning,0,0,1,0.0,base.LKR,
mrp_bom_id_1088,1,normal,Jinasena_MasterData_Stock.product_template_high_pillers,1.0,uom.product_uom_unit,0,all_available,Jinasena_MasterData_Stock.stock_picking_type_manufacturing_505,seed_master_data_and_settings.company_jinasena_agricultural_machinery,warning,0,0,1,0.0,base.LKR,
mrp_bom_id_1089,1,normal,Jinasena_MasterData_Stock.product_template_bearing_holding_piller,1.0,uom.product_uom_unit,0,all_available,Jinasena_MasterData_Stock.stock_picking_type_manufacturing_505,seed_master_data_and_settings.company_jinasena_agricultural_machinery,warning,0,0,1,0.0,base.LKR,
mrp_bom_id_1090,1,normal,Jinasena_MasterData_Stock.product_template_cross_beam_for_drum_bearings,1.0,uom.product_uom_unit,0,all_available,Jinasena_MasterData_Stock.stock_picking_type_manufacturing_505,seed_master_data_and_settings.company_jinasena_agricultural_machinery,warning,0,0,1,0.0,base.LKR,
mrp_bom_id_1091,1,normal,Jinasena_MasterData_Stock.product_template_cross_beam_for_pti_bearings,1.0,uom.product_uom_unit,0,all_available,Jinasena_MasterData_Stock.stock_picking_type_manufacturing_505,seed_master_data_and_settings.company_jinasena_agricultural_machinery,warning,0,0,1,0.0,base.LKR,
mrp_bom_id_1092,1,normal,Jinasena_MasterData_Stock.product_template_c_beam_for_feeder_bearings,1.0,uom.product_uom_unit,0,all_available,Jinasena_MasterData_Stock.stock_picking_type_manufacturing_505,seed_master_data_and_settings.company_jinasena_agricultural_machinery,warning,0,0,1,0.0,base.LKR,
mrp_bom_id_1093,1,normal,Jinasena_MasterData_Stock.product_template_top_cover_mounting_beam,1.0,uom.product_uom_unit,0,all_available,Jinasena_MasterData_Stock.stock_picking_type_manufacturing_505,seed_master_data_and_settings.company_jinasena_agricultural_machinery,warning,0,0,1,0.0,base.LKR,
mrp_bom_id_1094,1,normal,Jinasena_MasterData_Stock.product_template_feeder_upper_rib_l,1.0,uom.product_uom_unit,0,all_available,Jinasena_MasterData_Stock.stock_picking_type_manufacturing_505,seed_master_data_and_settings.company_jinasena_agricultural_machinery,warning,0,0,1,0.0,base.LKR,
mrp_bom_id_1095,1,normal,Jinasena_MasterData_Stock.product_template_eeder_upper_rib_s,1.0,uom.product_uom_unit,0,all_available,Jinasena_MasterData_Stock.stock_picking_type_manufacturing_505,seed_master_data_and_settings.company_jinasena_agricultural_machinery,warning,0,0,1,0.0,base.LKR,
mrp_bom_id_1096,1,normal,Jinasena_MasterData_Stock.product_template_feeder_upper_colums,1.0,uom.product_uom_unit,0,all_available,Jinasena_MasterData_Stock.stock_picking_type_manufacturing_505,seed_master_data_and_settings.company_jinasena_agricultural_machinery,warning,0,0,1,0.0,base.LKR,
mrp_bom_id_1097,1,normal,Jinasena_MasterData_Stock.product_template_locking_hooks,1.0,uom.product_uom_unit,0,all_available,Jinasena_MasterData_Stock.stock_picking_type_manufacturing_505,seed_master_data_and_settings.company_jinasena_agricultural_machinery,warning,0,0,1,0.0,base.LKR,
mrp_bom_id_1098,1,normal,Jinasena_MasterData_Stock.product_template_botom_slope_plate,1.0,uom.product_uom_unit,0,all_available,Jinasena_MasterData_Stock.stock_picking_type_manufacturing_505,seed_master_data_and_settings.company_jinasena_agricultural_machinery,warning,0,0,1,0.0,base.LKR,
mrp_bom_id_1099,1,normal,Jinasena_MasterData_Stock.product_template_top_slope_plate,1.0,uom.product_uom_unit,0,all_available,Jinasena_MasterData_Stock.stock_picking_type_manufacturing_505,seed_master_data_and_settings.company_jinasena_agricultural_machinery,warning,0,0,1,0.0,base.LKR,
mrp_bom_id_1100,1,normal,Jinasena_MasterData_Stock.product_template_side_slop_plate,1.0,uom.product_uom_unit,0,all_available,Jinasena_MasterData_Stock.stock_picking_type_manufacturing_505,seed_master_data_and_settings.company_jinasena_agricultural_machinery,warning,0,0,1,0.0,base.LKR,
mrp_bom_id_1101,1,normal,Jinasena_MasterData_Stock.product_template_upper_chamber_side_l,1.0,uom.product_uom_unit,0,all_available,Jinasena_MasterData_Stock.stock_picking_type_manufacturing_505,seed_master_data_and_settings.company_jinasena_agricultural_machinery,warning,0,0,1,0.0,base.LKR,
mrp_bom_id_1102,1,normal,Jinasena_MasterData_Stock.product_template_upper_chamber_side_s,1.0,uom.product_uom_unit,0,all_available,Jinasena_MasterData_Stock.stock_picking_type_manufacturing_505,seed_master_data_and_settings.company_jinasena_agricultural_machinery,warning,0,0,1,0.0,base.LKR,
mrp_bom_id_1103,1,normal,Jinasena_MasterData_Stock.product_template_bottom_body_strips,1.0,uom.product_uom_unit,0,all_available,Jinasena_MasterData_Stock.stock_picking_type_manufacturing_505,seed_master_data_and_settings.company_jinasena_agricultural_machinery,warning,0,0,1,0.0,base.LKR,
mrp_bom_id_1104,1,normal,Jinasena_MasterData_Stock.product_template_bottom_body_support,1.0,uom.product_uom_unit,0,all_available,Jinasena_MasterData_Stock.stock_picking_type_manufacturing_505,seed_master_data_and_settings.company_jinasena_agricultural_machinery,warning,0,0,1,0.0,base.LKR,
mrp_bom_id_1105,1,normal,Jinasena_MasterData_Stock.product_template_side_plates_330510,1.0,uom.product_uom_unit,0,all_available,Jinasena_MasterData_Stock.stock_picking_type_manufacturing_505,seed_master_data_and_settings.company_jinasena_agricultural_machinery,warning,0,0,1,0.0,base.LKR,
mrp_bom_id_1106,1,normal,Jinasena_MasterData_Stock.product_template_top_cover_curved_plate,1.0,uom.product_uom_unit,0,all_available,Jinasena_MasterData_Stock.stock_picking_type_manufacturing_505,seed_master_data_and_settings.company_jinasena_agricultural_machinery,warning,0,0,1,0.0,base.LKR,
mrp_bom_id_1107,1,normal,Jinasena_MasterData_Stock.product_template_top_cover_side_plate_330512,1.0,uom.product_uom_unit,0,all_available,Jinasena_MasterData_Stock.stock_picking_type_manufacturing_505,seed_master_data_and_settings.company_jinasena_agricultural_machinery,warning,0,0,1,0.0,base.LKR,
mrp_bom_id_1108,1,normal,Jinasena_MasterData_Stock.product_template_hinge_bushes,1.0,uom.product_uom_unit,0,all_available,Jinasena_MasterData_Stock.stock_picking_type_manufacturing_505,seed_master_data_and_settings.company_jinasena_agricultural_machinery,warning,0,0,1,0.0,base.LKR,
mrp_bom_id_1109,1,normal,Jinasena_MasterData_Stock.product_template_hinge_pin_330515,1.0,uom.product_uom_unit,0,all_available,Jinasena_MasterData_Stock.stock_picking_type_manufacturing_505,seed_master_data_and_settings.company_jinasena_agricultural_machinery,warning,0,0,1,0.0,base.LKR,
mrp_bom_id_1110,1,normal,Jinasena_MasterData_Stock.product_template_draw_bolt,1.0,uom.product_uom_unit,0,all_available,Jinasena_MasterData_Stock.stock_picking_type_manufacturing_505,seed_master_data_and_settings.company_jinasena_agricultural_machinery,warning,0,0,1,0.0,base.LKR,
mrp_bom_id_1111,1,normal,Jinasena_MasterData_Stock.product_template_loovers,1.0,uom.product_uom_unit,0,all_available,Jinasena_MasterData_Stock.stock_picking_type_manufacturing_505,seed_master_data_and_settings.company_jinasena_agricultural_machinery,warning,0,0,1,0.0,base.LKR,
mrp_bom_id_1113,1,normal,Jinasena_MasterData_Stock.product_template_peg_holdingss,1.0,uom.product_uom_unit,0,all_available,Jinasena_MasterData_Stock.stock_picking_type_manufacturing_505,seed_master_data_and_settings.company_jinasena_agricultural_machinery,warning,0,0,1,0.0,base.LKR,
mrp_bom_id_1114,1,normal,Jinasena_MasterData_Stock.product_template_long_side_plate,1.0,uom.product_uom_unit,0,all_available,Jinasena_MasterData_Stock.stock_picking_type_manufacturing_505,seed_master_data_and_settings.company_jinasena_agricultural_machinery,warning,0,0,1,0.0,base.LKR,
mrp_bom_id_1115,1,normal,Jinasena_MasterData_Stock.product_template_short_side_plate,1.0,uom.product_uom_unit,0,all_available,Jinasena_MasterData_Stock.stock_picking_type_manufacturing_505,seed_master_data_and_settings.company_jinasena_agricultural_machinery,warning,0,0,1,0.0,base.LKR,
mrp_bom_id_1116,1,normal,Jinasena_MasterData_Stock.product_template_holding_hooks,1.0,uom.product_uom_unit,0,all_available,Jinasena_MasterData_Stock.stock_picking_type_manufacturing_505,seed_master_data_and_settings.company_jinasena_agricultural_machinery,warning,0,0,1,0.0,base.LKR,
mrp_bom_id_1117,1,normal,Jinasena_MasterData_Stock.product_template_locking_hooks_330524,1.0,uom.product_uom_unit,0,all_available,Jinasena_MasterData_Stock.stock_picking_type_manufacturing_505,seed_master_data_and_settings.company_jinasena_agricultural_machinery,warning,0,0,1,0.0,base.LKR,
mrp_bom_id_1118,1,normal,Jinasena_MasterData_Stock.product_template_locking_bolt,1.0,uom.product_uom_unit,0,all_available,Jinasena_MasterData_Stock.stock_picking_type_manufacturing_505,seed_master_data_and_settings.company_jinasena_agricultural_machinery,warning,0,0,1,0.0,base.LKR,
mrp_bom_id_1119,1,normal,Jinasena_MasterData_Stock.product_template_locking_nut,1.0,uom.product_uom_unit,0,all_available,Jinasena_MasterData_Stock.stock_picking_type_manufacturing_505,seed_master_data_and_settings.company_jinasena_agricultural_machinery,warning,0,0,1,0.0,base.LKR,
mrp_bom_id_1120,1,normal,Jinasena_MasterData_Stock.product_template_botterfly_arms_to_nut,1.0,uom.product_uom_unit,0,all_available,Jinasena_MasterData_Stock.stock_picking_type_manufacturing_505,seed_master_data_and_settings.company_jinasena_agricultural_machinery,warning,0,0,1,0.0,base.LKR,
mrp_bom_id_1121,1,normal,Jinasena_MasterData_Stock.product_template_top_and_side_covers,1.0,uom.product_uom_unit,0,all_available,Jinasena_MasterData_Stock.stock_picking_type_manufacturing_505,seed_master_data_and_settings.company_jinasena_agricultural_machinery,warning,0,0,1,0.0,base.LKR,
mrp_bom_id_1122,1,normal,Jinasena_MasterData_Stock.product_template_bottom_plate_330529,1.0,uom.product_uom_unit,0,all_available,Jinasena_MasterData_Stock.stock_picking_type_manufacturing_505,seed_master_data_and_settings.company_jinasena_agricultural_machinery,warning,0,0,1,0.0,base.LKR,
mrp_bom_id_1123,1,normal,Jinasena_MasterData_Stock.product_template_hopper_mount,1.0,uom.product_uom_unit,0,all_available,Jinasena_MasterData_Stock.stock_picking_type_manufacturing_505,seed_master_data_and_settings.company_jinasena_agricultural_machinery,warning,0,0,1,0.0,base.LKR,
mrp_bom_id_1124,1,normal,Jinasena_MasterData_Stock.product_template_holding_nuts,1.0,uom.product_uom_unit,0,all_available,Jinasena_MasterData_Stock.stock_picking_type_manufacturing_505,seed_master_data_and_settings.company_jinasena_agricultural_machinery,warning,0,0,1,0.0,base.LKR,
mrp_bom_id_1125,1,normal,Jinasena_MasterData_Stock.product_template_side_covers_covers,1.0,uom.product_uom_unit,0,all_available,Jinasena_MasterData_Stock.stock_picking_type_manufacturing_505,seed_master_data_and_settings.company_jinasena_agricultural_machinery,warning,0,0,1,0.0,base.LKR,
mrp_bom_id_1126,1,normal,Jinasena_MasterData_Stock.product_template_top_cover_330533,1.0,uom.product_uom_unit,0,all_available,Jinasena_MasterData_Stock.stock_picking_type_manufacturing_505,seed_master_data_and_settings.company_jinasena_agricultural_machinery,warning,0,0,1,0.0,base.LKR,
mrp_bom_id_1127,1,normal,Jinasena_MasterData_Stock.product_template_bottom_cover,1.0,uom.product_uom_unit,0,all_available,Jinasena_MasterData_Stock.stock_picking_type_manufacturing_505,seed_master_data_and_settings.company_jinasena_agricultural_machinery,warning,0,0,1,0.0,base.LKR,
mrp_bom_id_1128,1,normal,Jinasena_MasterData_Stock.product_template_holding_hooks_330535,1.0,uom.product_uom_unit,0,all_available,Jinasena_MasterData_Stock.stock_picking_type_manufacturing_505,seed_master_data_and_settings.company_jinasena_agricultural_machinery,warning,0,0,1,0.0,base.LKR,
mrp_bom_id_1129,1,normal,Jinasena_MasterData_Stock.product_template_feeder_axel,1.0,uom.product_uom_unit,0,all_available,Jinasena_MasterData_Stock.stock_picking_type_manufacturing_505,seed_master_data_and_settings.company_jinasena_agricultural_machinery,warning,0,0,1,0.0,base.LKR,
mrp_bom_id_1130,1,normal,Jinasena_MasterData_Stock.product_template_feeder_arms,1.0,uom.product_uom_unit,0,all_available,Jinasena_MasterData_Stock.stock_picking_type_manufacturing_505,seed_master_data_and_settings.company_jinasena_agricultural_machinery,warning,0,0,1,0.0,base.LKR,
mrp_bom_id_1131,1,normal,Jinasena_MasterData_Stock.product_template_plates,1.0,uom.product_uom_unit,0,all_available,Jinasena_MasterData_Stock.stock_picking_type_manufacturing_505,seed_master_data_and_settings.company_jinasena_agricultural_machinery,warning,0,0,1,0.0,base.LKR,
mrp_bom_id_1132,1,normal,Jinasena_MasterData_Stock.product_template_main_shaft,1.0,uom.product_uom_unit,0,all_available,Jinasena_MasterData_Stock.stock_picking_type_manufacturing_505,seed_master_data_and_settings.company_jinasena_agricultural_machinery,warning,0,0,1,0.0,base.LKR,
mrp_bom_id_1136,1,normal,Jinasena_MasterData_Stock.product_template_drum_flanges,1.0,uom.product_uom_unit,0,all_available,Jinasena_MasterData_Stock.stock_picking_type_manufacturing_505,seed_master_data_and_settings.company_jinasena_agricultural_machinery,warning,0,0,1,0.0,base.LKR,
mrp_bom_id_1137,1,normal,Jinasena_MasterData_Stock.product_template_side_cutter_disck,1.0,uom.product_uom_unit,0,all_available,Jinasena_MasterData_Stock.stock_picking_type_manufacturing_505,seed_master_data_and_settings.company_jinasena_agricultural_machinery,warning,0,0,1,0.0,base.LKR,
mrp_bom_id_1138,1,normal,Jinasena_MasterData_Stock.product_template_throwing_vanes,1.0,uom.product_uom_unit,0,all_available,Jinasena_MasterData_Stock.stock_picking_type_manufacturing_505,seed_master_data_and_settings.company_jinasena_agricultural_machinery,warning,0,0,1,0.0,base.LKR,
mrp_bom_id_1139,1,normal,Jinasena_MasterData_Stock.product_template_center_bush,1.0,uom.product_uom_unit,0,all_available,Jinasena_MasterData_Stock.stock_picking_type_manufacturing_505,seed_master_data_and_settings.company_jinasena_agricultural_machinery,warning,0,0,1,0.0,base.LKR,
mrp_bom_id_1140,1,normal,Jinasena_MasterData_Stock.product_template_side_half_round_plates,1.0,uom.product_uom_unit,0,all_available,Jinasena_MasterData_Stock.stock_picking_type_manufacturing_505,seed_master_data_and_settings.company_jinasena_agricultural_machinery,warning,0,0,1,0.0,base.LKR,
mrp_bom_id_1141,1,normal,Jinasena_MasterData_Stock.product_template_curved_plate,1.0,uom.product_uom_unit,0,all_available,Jinasena_MasterData_Stock.stock_picking_type_manufacturing_505,seed_master_data_and_settings.company_jinasena_agricultural_machinery,warning,0,0,1,0.0,base.LKR,
mrp_bom_id_1142,1,normal,Jinasena_MasterData_Stock.product_template_cover_seats_330551,1.0,uom.product_uom_unit,0,all_available,Jinasena_MasterData_Stock.stock_picking_type_manufacturing_505,seed_master_data_and_settings.company_jinasena_agricultural_machinery,warning,0,0,1,0.0,base.LKR,
mrp_bom_id_1143,1,normal,Jinasena_MasterData_Stock.product_template_holding_brackets_330552,1.0,uom.product_uom_unit,0,all_available,Jinasena_MasterData_Stock.stock_picking_type_manufacturing_505,seed_master_data_and_settings.company_jinasena_agricultural_machinery,warning,0,0,1,0.0,base.LKR,
mrp_bom_id_1144,1,normal,Jinasena_MasterData_Stock.product_template_guard_cover_330553,1.0,uom.product_uom_unit,0,all_available,Jinasena_MasterData_Stock.stock_picking_type_manufacturing_505,seed_master_data_and_settings.company_jinasena_agricultural_machinery,warning,0,0,1,0.0,base.LKR,
mrp_bom_id_1145,1,normal,Jinasena_MasterData_Stock.product_template_guard_plate_330554,1.0,uom.product_uom_unit,0,all_available,Jinasena_MasterData_Stock.stock_picking_type_manufacturing_505,seed_master_data_and_settings.company_jinasena_agricultural_machinery,warning,0,0,1,0.0,base.LKR,
mrp_bom_id_1146,1,normal,Jinasena_MasterData_Stock.product_template_holding_brackets,1.0,uom.product_uom_unit,0,all_available,Jinasena_MasterData_Stock.stock_picking_type_manufacturing_505,seed_master_data_and_settings.company_jinasena_agricultural_machinery,warning,0,0,1,0.0,base.LKR,
mrp_bom_id_1147,1,normal,Jinasena_MasterData_Stock.product_template_vertical_members,1.0,uom.product_uom_unit,0,all_available,Jinasena_MasterData_Stock.stock_picking_type_manufacturing_505,seed_master_data_and_settings.company_jinasena_agricultural_machinery,warning,0,0,1,0.0,base.LKR,
mrp_bom_id_1148,1,normal,Jinasena_MasterData_Stock.product_template_horizontal_members_l,1.0,uom.product_uom_unit,0,all_available,Jinasena_MasterData_Stock.stock_picking_type_manufacturing_505,seed_master_data_and_settings.company_jinasena_agricultural_machinery,warning,0,0,1,0.0,base.LKR,
mrp_bom_id_1149,1,normal,Jinasena_MasterData_Stock.product_template_horizontal_members_s,1.0,uom.product_uom_unit,0,all_available,Jinasena_MasterData_Stock.stock_picking_type_manufacturing_505,seed_master_data_and_settings.company_jinasena_agricultural_machinery,warning,0,0,1,0.0,base.LKR,
mrp_bom_id_1150,1,normal,Jinasena_MasterData_Stock.product_template_cover_seats,1.0,uom.product_uom_unit,0,all_available,Jinasena_MasterData_Stock.stock_picking_type_manufacturing_505,seed_master_data_and_settings.company_jinasena_agricultural_machinery,warning,0,0,1,0.0,base.LKR,
mrp_bom_id_1151,1,normal,Jinasena_MasterData_Stock.product_template_reflectors_red,1.0,uom.product_uom_unit,0,all_available,Jinasena_MasterData_Stock.stock_picking_type_manufacturing_505,seed_master_data_and_settings.company_jinasena_agricultural_machinery,warning,0,0,1,0.0,base.LKR,
mrp_bom_id_1152,1,normal,Jinasena_MasterData_Stock.product_template_jumbo_shredding_machine,1.0,uom.product_uom_unit,0,all_available,Jinasena_MasterData_Stock.stock_picking_type_manufacturing_505,seed_master_data_and_settings.company_jinasena_agricultural_machinery,warning,0,0,1,0.0,base.LKR,
mrp_bom_id_1156,1,normal,Jinasena_MasterData_Stock.product_template_jinasena_multi_chopper_couplled_with_15_,1.0,uom.product_uom_unit,0,all_available,Jinasena_MasterData_Stock.stock_picking_type_manufacturing_505,seed_master_data_and_settings.company_jinasena_agricultural_machinery,warning,0,0,1,0.0,base.LKR,
mrp_bom_id_1159,1,normal,Jinasena_MasterData_Stock.product_template_jinasena_multi_chopper_couplled_with_16_,1.0,uom.product_uom_unit,0,all_available,Jinasena_MasterData_Stock.stock_picking_type_manufacturing_505,seed_master_data_and_settings.company_jinasena_agricultural_machinery,warning,0,0,1,0.0,base.LKR,2025-07-17 08:10:15
mrp_bom_id_1162,1,normal,Jinasena_MasterData_Stock.product_template_jinasena_multi_chopper_coupled_with_30hp,1.0,uom.product_uom_unit,0,all_available,Jinasena_MasterData_Stock.stock_picking_type_manufacturing_505,seed_master_data_and_settings.company_jinasena_agricultural_machinery,warning,0,0,1,0.0,base.LKR,
mrp_bom_id_1165,1,normal,Jinasena_MasterData_Stock.product_template_jinasena_multi_chopper_tractor_coupled_3,1.0,uom.product_uom_unit,0,all_available,Jinasena_MasterData_Stock.stock_picking_type_manufacturing_505,seed_master_data_and_settings.company_jinasena_agricultural_machinery,warning,0,0,1,0.0,base.LKR,
mrp_bom_id_1167,1,normal,Jinasena_MasterData_Stock.product_template_jinasena_shredder_multy_choper_with_3hp_,1.0,uom.product_uom_unit,0,all_available,Jinasena_MasterData_Stock.stock_picking_type_manufacturing_505,seed_master_data_and_settings.company_jinasena_agricultural_machinery,warning,0,0,1,0.0,base.LKR,
mrp_bom_id_1184,1,normal,Jinasena_MasterData_Stock.product_template_agrimec_multi_grinder_ssmg100_1,1.0,uom.product_uom_unit,0,all_available,Jinasena_MasterData_Stock.stock_picking_type_manufacturing_505,seed_master_data_and_settings.company_jinasena_agricultural_machinery,warning,0,0,1,0.0,base.LKR,2025-07-17 08:12:13
mrp_bom_id_1186,1,normal,Jinasena_MasterData_Stock.product_template_hopper_tray_assebmly_mg150_3,1.0,uom.product_uom_unit,0,all_available,Jinasena_MasterData_Stock.stock_picking_type_manufacturing_505,seed_master_data_and_settings.company_jinasena_agricultural_machinery,warning,0,0,1,0.0,base.LKR,
mrp_bom_id_1187,1,normal,Jinasena_MasterData_Stock.product_template_main_body_drum_assembly_mg150_3,1.0,uom.product_uom_unit,0,all_available,Jinasena_MasterData_Stock.stock_picking_type_manufacturing_505,seed_master_data_and_settings.company_jinasena_agricultural_machinery,warning,0,0,1,0.0,base.LKR,
mrp_bom_id_1201,1,normal,Jinasena_MasterData_Stock.product_template_front_cover_assemly_for_multi_grinders,1.0,uom.product_uom_unit,0,all_available,Jinasena_MasterData_Stock.stock_picking_type_manufacturing_505,seed_master_data_and_settings.company_jinasena_agricultural_machinery,warning,0,0,1,0.0,base.LKR,
mrp_bom_id_1202,1,normal,Jinasena_MasterData_Stock.product_template_s_s_food_multigrinder_1_5hp,1.0,uom.product_uom_unit,0,all_available,Jinasena_MasterData_Stock.stock_picking_type_manufacturing_505,seed_master_data_and_settings.company_jinasena_agricultural_machinery,warning,0,0,1,0.0,base.LKR,
mrp_bom_id_1251,1,normal,Jinasena_MasterData_Stock.product_template_main_body_drum_assy_mul_grind,1.0,uom.product_uom_unit,0,all_available,Jinasena_MasterData_Stock.stock_picking_type_manufacturing_505,seed_master_data_and_settings.company_jinasena_agricultural_machinery,warning,0,0,1,0.0,base.LKR,
mrp_bom_id_1252,1,normal,Jinasena_MasterData_Stock.product_template_hopper_tray_assy_mul_grinder,1.0,uom.product_uom_unit,0,all_available,Jinasena_MasterData_Stock.stock_picking_type_manufacturing_505,seed_master_data_and_settings.company_jinasena_agricultural_machinery,warning,0,0,1,0.0,base.LKR,
mrp_bom_id_1254,1,normal,Jinasena_MasterData_Stock.product_template_side_plate_330879,1.0,uom.product_uom_unit,0,all_available,Jinasena_MasterData_Stock.stock_picking_type_manufacturing_505,seed_master_data_and_settings.company_jinasena_agricultural_machinery,warning,0,0,1,0.0,base.LKR,
mrp_bom_id_1255,1,normal,Jinasena_MasterData_Stock.product_template_cover_plate_330880,1.0,uom.product_uom_unit,0,all_available,Jinasena_MasterData_Stock.stock_picking_type_manufacturing_505,seed_master_data_and_settings.company_jinasena_agricultural_machinery,warning,0,0,1,0.0,base.LKR,
mrp_bom_id_1256,1,normal,Jinasena_MasterData_Stock.product_template_sieve_plate_330881,1.0,uom.product_uom_unit,0,all_available,Jinasena_MasterData_Stock.stock_picking_type_manufacturing_505,seed_master_data_and_settings.company_jinasena_agricultural_machinery,warning,0,0,1,0.0,base.LKR,
mrp_bom_id_1257,1,normal,Jinasena_MasterData_Stock.product_template_sieve_plate_bracket_1_330882,1.0,uom.product_uom_unit,0,all_available,Jinasena_MasterData_Stock.stock_picking_type_manufacturing_505,seed_master_data_and_settings.company_jinasena_agricultural_machinery,warning,0,0,1,0.0,base.LKR,
mrp_bom_id_1258,1,normal,Jinasena_MasterData_Stock.product_template_sieve_plate_bracket_2_330883,1.0,uom.product_uom_unit,0,all_available,Jinasena_MasterData_Stock.stock_picking_type_manufacturing_505,seed_master_data_and_settings.company_jinasena_agricultural_machinery,warning,0,0,1,0.0,base.LKR,
mrp_bom_id_1259,1,normal,Jinasena_MasterData_Stock.product_template_u_bracket_for_spring,1.0,uom.product_uom_unit,0,all_available,Jinasena_MasterData_Stock.stock_picking_type_manufacturing_505,seed_master_data_and_settings.company_jinasena_agricultural_machinery,warning,0,0,1,0.0,base.LKR,
mrp_bom_id_1260,1,normal,Jinasena_MasterData_Stock.product_template_door_hinge_plate,1.0,uom.product_uom_unit,0,all_available,Jinasena_MasterData_Stock.stock_picking_type_manufacturing_505,seed_master_data_and_settings.company_jinasena_agricultural_machinery,warning,0,0,1,0.0,base.LKR,
mrp_bom_id_1261,1,normal,Jinasena_MasterData_Stock.product_template_lock_hinge_plate,1.0,uom.product_uom_unit,0,all_available,Jinasena_MasterData_Stock.stock_picking_type_manufacturing_505,seed_master_data_and_settings.company_jinasena_agricultural_machinery,warning,0,0,1,0.0,base.LKR,
mrp_bom_id_1262,1,normal,Jinasena_MasterData_Stock.product_template_door_hinge_pin,1.0,uom.product_uom_unit,0,all_available,Jinasena_MasterData_Stock.stock_picking_type_manufacturing_505,seed_master_data_and_settings.company_jinasena_agricultural_machinery,warning,0,0,1,0.0,base.LKR,
mrp_bom_id_1263,1,normal,Jinasena_MasterData_Stock.product_template_collar_bush_for_oil_seal,1.0,uom.product_uom_unit,0,all_available,Jinasena_MasterData_Stock.stock_picking_type_manufacturing_505,seed_master_data_and_settings.company_jinasena_agricultural_machinery,warning,0,0,1,0.0,base.LKR,
mrp_bom_id_1264,1,normal,Jinasena_MasterData_Stock.product_template_drum_circular_plate_330889,1.0,uom.product_uom_unit,0,all_available,Jinasena_MasterData_Stock.stock_picking_type_manufacturing_505,seed_master_data_and_settings.company_jinasena_agricultural_machinery,warning,0,0,1,0.0,base.LKR,
mrp_bom_id_1265,1,normal,Jinasena_MasterData_Stock.product_template_blade_liner_330890,1.0,uom.product_uom_unit,0,all_available,Jinasena_MasterData_Stock.stock_picking_type_manufacturing_505,seed_master_data_and_settings.company_jinasena_agricultural_machinery,warning,0,0,1,0.0,base.LKR,
mrp_bom_id_1266,1,normal,Jinasena_MasterData_Stock.product_template_drum_bush_330891,1.0,uom.product_uom_unit,0,all_available,Jinasena_MasterData_Stock.stock_picking_type_manufacturing_505,seed_master_data_and_settings.company_jinasena_agricultural_machinery,warning,0,0,1,0.0,base.LKR,
mrp_bom_id_1267,1,normal,Jinasena_MasterData_Stock.product_template_peg_drum,1.0,uom.product_uom_unit,0,all_available,Jinasena_MasterData_Stock.stock_picking_type_manufacturing_505,seed_master_data_and_settings.company_jinasena_agricultural_machinery,warning,0,0,1,0.0,base.LKR,
mrp_bom_id_1268,1,normal,Jinasena_MasterData_Stock.product_template_hinge_bush_reinforcement,1.0,uom.product_uom_unit,0,all_available,Jinasena_MasterData_Stock.stock_picking_type_manufacturing_505,seed_master_data_and_settings.company_jinasena_agricultural_machinery,warning,0,0,1,0.0,base.LKR,
mrp_bom_id_1269,1,normal,Jinasena_MasterData_Stock.product_template_micro_switch_fix_plate,1.0,uom.product_uom_unit,0,all_available,Jinasena_MasterData_Stock.stock_picking_type_manufacturing_505,seed_master_data_and_settings.company_jinasena_agricultural_machinery,warning,0,0,1,0.0,base.LKR,
mrp_bom_id_1270,1,normal,Jinasena_MasterData_Stock.product_template_door_hinge_bush,1.0,uom.product_uom_unit,0,all_available,Jinasena_MasterData_Stock.stock_picking_type_manufacturing_505,seed_master_data_and_settings.company_jinasena_agricultural_machinery,warning,0,0,1,0.0,base.LKR,
mrp_bom_id_1271,1,normal,Jinasena_MasterData_Stock.product_template_capacitor_box_cover_1,1.0,uom.product_uom_unit,0,all_available,Jinasena_MasterData_Stock.stock_picking_type_manufacturing_505,seed_master_data_and_settings.company_jinasena_agricultural_machinery,warning,0,0,1,0.0,base.LKR,
mrp_bom_id_1272,1,normal,Jinasena_MasterData_Stock.product_template_capacitor_box_cover_2,1.0,uom.product_uom_unit,0,all_available,Jinasena_MasterData_Stock.stock_picking_type_manufacturing_505,seed_master_data_and_settings.company_jinasena_agricultural_machinery,warning,0,0,1,0.0,base.LKR,
mrp_bom_id_1273,1,normal,Jinasena_MasterData_Stock.product_template_micro_switch_rod_330899,1.0,uom.product_uom_unit,0,all_available,Jinasena_MasterData_Stock.stock_picking_type_manufacturing_505,seed_master_data_and_settings.company_jinasena_agricultural_machinery,warning,0,0,1,0.0,base.LKR,
mrp_bom_id_1274,1,normal,Jinasena_MasterData_Stock.product_template_sieve_plate_guide_1_2,1.0,uom.product_uom_unit,0,all_available,Jinasena_MasterData_Stock.stock_picking_type_manufacturing_505,seed_master_data_and_settings.company_jinasena_agricultural_machinery,warning,0,0,1,0.0,base.LKR,
mrp_bom_id_1275,1,normal,Jinasena_MasterData_Stock.product_template_rubber_beading_for_multi_grinder,1.0,uom.product_uom_unit,0,all_available,Jinasena_MasterData_Stock.stock_picking_type_manufacturing_505,seed_master_data_and_settings.company_jinasena_agricultural_machinery,warning,0,0,1,0.0,base.LKR,
mrp_bom_id_1276,1,normal,Jinasena_MasterData_Stock.product_template_outlet_seperator_plate,1.0,uom.product_uom_unit,0,all_available,Jinasena_MasterData_Stock.stock_picking_type_manufacturing_505,seed_master_data_and_settings.company_jinasena_agricultural_machinery,warning,0,0,1,0.0,base.LKR,
mrp_bom_id_1277,1,normal,Jinasena_MasterData_Stock.product_template_shaft_extension,1.0,uom.product_uom_unit,0,all_available,Jinasena_MasterData_Stock.stock_picking_type_manufacturing_505,seed_master_data_and_settings.company_jinasena_agricultural_machinery,warning,0,0,1,0.0,base.LKR,
mrp_bom_id_1278,1,normal,Jinasena_MasterData_Stock.product_template_dome_nut,1.0,uom.product_uom_unit,0,all_available,Jinasena_MasterData_Stock.stock_picking_type_manufacturing_505,seed_master_data_and_settings.company_jinasena_agricultural_machinery,warning,0,0,1,0.0,base.LKR,
mrp_bom_id_1279,1,normal,Jinasena_MasterData_Stock.product_template_capacitor_box_mounting_plate,1.0,uom.product_uom_unit,0,all_available,Jinasena_MasterData_Stock.stock_picking_type_manufacturing_505,seed_master_data_and_settings.company_jinasena_agricultural_machinery,warning,0,0,1,0.0,base.LKR,
mrp_bom_id_1280,1,normal,Jinasena_MasterData_Stock.product_template_door_lock_hook,1.0,uom.product_uom_unit,0,all_available,Jinasena_MasterData_Stock.stock_picking_type_manufacturing_505,seed_master_data_and_settings.company_jinasena_agricultural_machinery,warning,0,0,1,0.0,base.LKR,
mrp_bom_id_1281,1,normal,Jinasena_MasterData_Stock.product_template_ss_blade_for_mg75,1.0,uom.product_uom_unit,0,all_available,Jinasena_MasterData_Stock.stock_picking_type_manufacturing_505,seed_master_data_and_settings.company_jinasena_agricultural_machinery,warning,0,0,1,0.0,base.LKR,
mrp_bom_id_1282,1,normal,Jinasena_MasterData_Stock.product_template_outlet_seperator_plate_pin,1.0,uom.product_uom_unit,0,all_available,Jinasena_MasterData_Stock.stock_picking_type_manufacturing_505,seed_master_data_and_settings.company_jinasena_agricultural_machinery,warning,0,0,1,0.0,base.LKR,
mrp_bom_id_1283,1,normal,Jinasena_MasterData_Stock.product_template_hopper_plate_1,1.0,uom.product_uom_unit,0,all_available,Jinasena_MasterData_Stock.stock_picking_type_manufacturing_505,seed_master_data_and_settings.company_jinasena_agricultural_machinery,warning,0,0,1,0.0,base.LKR,
mrp_bom_id_1284,1,normal,Jinasena_MasterData_Stock.product_template_hopper_plate_2,1.0,uom.product_uom_unit,0,all_available,Jinasena_MasterData_Stock.stock_picking_type_manufacturing_505,seed_master_data_and_settings.company_jinasena_agricultural_machinery,warning,0,0,1,0.0,base.LKR,
mrp_bom_id_1285,1,normal,Jinasena_MasterData_Stock.product_template_tray_330911,1.0,uom.product_uom_unit,0,all_available,Jinasena_MasterData_Stock.stock_picking_type_manufacturing_505,seed_master_data_and_settings.company_jinasena_agricultural_machinery,warning,0,0,1,0.0,base.LKR,
mrp_bom_id_1286,1,normal,Jinasena_MasterData_Stock.product_template_motor_base_mount_plate,1.0,uom.product_uom_unit,0,all_available,Jinasena_MasterData_Stock.stock_picking_type_manufacturing_505,seed_master_data_and_settings.company_jinasena_agricultural_machinery,warning,0,0,1,0.0,base.LKR,
mrp_bom_id_1287,1,normal,Jinasena_MasterData_Stock.product_template_safety_rod,1.0,uom.product_uom_unit,0,all_available,Jinasena_MasterData_Stock.stock_picking_type_manufacturing_505,seed_master_data_and_settings.company_jinasena_agricultural_machinery,warning,0,0,1,0.0,base.LKR,
mrp_bom_id_1288,1,normal,Jinasena_MasterData_Stock.product_template_s_s_food_multi_grinder_0_75hp,1.0,uom.product_uom_unit,0,all_available,Jinasena_MasterData_Stock.stock_picking_type_manufacturing_505,seed_master_data_and_settings.company_jinasena_agricultural_machinery,warning,0,0,1,0.0,base.LKR,
mrp_bom_id_1426,1,normal,Jinasena_MasterData_Stock.product_template_sieving_drum_assemly,1.0,uom.product_uom_unit,0,all_available,Jinasena_MasterData_Stock.stock_picking_type_manufacturing_505,seed_master_data_and_settings.company_jinasena_agricultural_machinery,warning,0,0,1,0.0,base.LKR,
mrp_bom_id_1427,1,normal,Jinasena_MasterData_Stock.product_template_sieving_plates_assembly,1.0,uom.product_uom_unit,0,all_available,Jinasena_MasterData_Stock.stock_picking_type_manufacturing_505,seed_master_data_and_settings.company_jinasena_agricultural_machinery,warning,0,0,1,0.0,base.LKR,
mrp_bom_id_1428,1,normal,Jinasena_MasterData_Stock.product_template_driving_asseblly,1.0,uom.product_uom_unit,0,all_available,Jinasena_MasterData_Stock.stock_picking_type_manufacturing_505,seed_master_data_and_settings.company_jinasena_agricultural_machinery,warning,0,0,1,0.0,base.LKR,
mrp_bom_id_1429,1,normal,Jinasena_MasterData_Stock.product_template_screw_covayer_assembly,1.0,uom.product_uom_unit,0,all_available,Jinasena_MasterData_Stock.stock_picking_type_manufacturing_505,seed_master_data_and_settings.company_jinasena_agricultural_machinery,warning,0,0,1,0.0,base.LKR,
mrp_bom_id_1430,1,normal,Jinasena_MasterData_Stock.product_template_machine_structure_asssembly,1.0,uom.product_uom_unit,0,all_available,Jinasena_MasterData_Stock.stock_picking_type_manufacturing_505,seed_master_data_and_settings.company_jinasena_agricultural_machinery,warning,0,0,1,0.0,base.LKR,
mrp_bom_id_1431,1,normal,Jinasena_MasterData_Stock.product_template_feeding_convayer_assembly,1.0,uom.product_uom_unit,0,all_available,Jinasena_MasterData_Stock.stock_picking_type_manufacturing_505,seed_master_data_and_settings.company_jinasena_agricultural_machinery,warning,0,0,1,0.0,base.LKR,
mrp_bom_id_1432,1,normal,Jinasena_MasterData_Stock.product_template_sieving_drive_out_conveyer,1.0,uom.product_uom_unit,0,all_available,Jinasena_MasterData_Stock.stock_picking_type_manufacturing_505,seed_master_data_and_settings.company_jinasena_agricultural_machinery,warning,0,0,1,0.0,base.LKR,
mrp_bom_id_1433,1,normal,Jinasena_MasterData_Stock.product_template_waste_run_off_conveyer,1.0,uom.product_uom_unit,0,all_available,Jinasena_MasterData_Stock.stock_picking_type_manufacturing_505,seed_master_data_and_settings.company_jinasena_agricultural_machinery,warning,0,0,1,0.0,base.LKR,
mrp_bom_id_1434,1,normal,Jinasena_MasterData_Stock.product_template_dust_cover,1.0,uom.product_uom_unit,0,all_available,Jinasena_MasterData_Stock.stock_picking_type_manufacturing_505,seed_master_data_and_settings.company_jinasena_agricultural_machinery,warning,0,0,1,0.0,base.LKR,
mrp_bom_id_1435,1,normal,Jinasena_MasterData_Stock.product_template_electrical_assembly,1.0,uom.product_uom_unit,0,all_available,Jinasena_MasterData_Stock.stock_picking_type_manufacturing_505,seed_master_data_and_settings.company_jinasena_agricultural_machinery,warning,0,0,1,0.0,base.LKR,
mrp_bom_id_1436,1,normal,Jinasena_MasterData_Stock.product_template_final_assembly_329733,1.0,uom.product_uom_unit,0,all_available,Jinasena_MasterData_Stock.stock_picking_type_manufacturing_505,seed_master_data_and_settings.company_jinasena_agricultural_machinery,warning,0,0,1,0.0,base.LKR,
mrp_bom_id_1437,1,normal,Jinasena_MasterData_Stock.product_template_rotary_sieving_plant_4_hp,1.0,uom.product_uom_unit,0,all_available,Jinasena_MasterData_Stock.stock_picking_type_manufacturing_505,seed_master_data_and_settings.company_jinasena_agricultural_machinery,warning,0,0,1,0.0,base.LKR,
mrp_bom_id_1460,1,normal,Jinasena_MasterData_Stock.product_template_axel_assembly,1.0,uom.product_uom_unit,0,all_available,Jinasena_MasterData_Stock.stock_picking_type_manufacturing_505,seed_master_data_and_settings.company_jinasena_agricultural_machinery,warning,0,0,1,0.0,base.LKR,
mrp_bom_id_1461,1,normal,Jinasena_MasterData_Stock.product_template_drum_assembly_329735,1.0,uom.product_uom_unit,0,all_available,Jinasena_MasterData_Stock.stock_picking_type_manufacturing_505,seed_master_data_and_settings.company_jinasena_agricultural_machinery,warning,0,0,1,0.0,base.LKR,
mrp_bom_id_1462,1,normal,Jinasena_MasterData_Stock.product_template_final_assembly_329736,1.0,uom.product_uom_unit,0,all_available,Jinasena_MasterData_Stock.stock_picking_type_manufacturing_505,seed_master_data_and_settings.company_jinasena_agricultural_machinery,warning,0,0,1,0.0,base.LKR,
mrp_bom_id_1467,1,normal,Jinasena_MasterData_Stock.product_template_shoe_plates,1.0,uom.product_uom_unit,0,all_available,Jinasena_MasterData_Stock.stock_picking_type_manufacturing_505,seed_master_data_and_settings.company_jinasena_agricultural_machinery,warning,0,0,1,0.0,base.LKR,
mrp_bom_id_1468,1,normal,Jinasena_MasterData_Stock.product_template_main_sides,1.0,uom.product_uom_unit,0,all_available,Jinasena_MasterData_Stock.stock_picking_type_manufacturing_505,seed_master_data_and_settings.company_jinasena_agricultural_machinery,warning,0,0,1,0.0,base.LKR,
mrp_bom_id_1470,1,normal,Jinasena_MasterData_Stock.product_template_auxilary_side_2,1.0,uom.product_uom_unit,0,all_available,Jinasena_MasterData_Stock.stock_picking_type_manufacturing_505,seed_master_data_and_settings.company_jinasena_agricultural_machinery,warning,0,0,1,0.0,base.LKR,
mrp_bom_id_1471,1,normal,Jinasena_MasterData_Stock.product_template_gear_box_mount_beam_331958,1.0,uom.product_uom_unit,0,all_available,Jinasena_MasterData_Stock.stock_picking_type_manufacturing_505,seed_master_data_and_settings.company_jinasena_agricultural_machinery,warning,0,0,1,0.0,base.LKR,
mrp_bom_id_1472,1,normal,Jinasena_MasterData_Stock.product_template_front_cover_331959,1.0,uom.product_uom_unit,0,all_available,Jinasena_MasterData_Stock.stock_picking_type_manufacturing_505,seed_master_data_and_settings.company_jinasena_agricultural_machinery,warning,0,0,1,0.0,base.LKR,
mrp_bom_id_1476,1,normal,Jinasena_MasterData_Stock.product_template_driven_end_shaft_331963,1.0,uom.product_uom_unit,0,all_available,Jinasena_MasterData_Stock.stock_picking_type_manufacturing_505,seed_master_data_and_settings.company_jinasena_agricultural_machinery,warning,0,0,1,0.0,base.LKR,
mrp_bom_id_1477,1,normal,Jinasena_MasterData_Stock.product_template_rotary_sieving_machine_1_5gi,1.0,uom.product_uom_unit,0,all_available,Jinasena_MasterData_Stock.stock_picking_type_manufacturing_505,seed_master_data_and_settings.company_jinasena_agricultural_machinery,warning,0,0,1,0.0,base.LKR,
mrp_bom_id_1521,1,normal,Jinasena_MasterData_Stock.product_template_drive_unit_stand_ass,1.0,uom.product_uom_unit,0,all_available,Jinasena_MasterData_Stock.stock_picking_type_manufacturing_505,seed_master_data_and_settings.company_jinasena_agricultural_machinery,warning,0,0,1,0.0,base.LKR,
mrp_bom_id_1524,1,normal,Jinasena_MasterData_Stock.product_template_final_assembly_2_0hp,1.0,uom.product_uom_unit,0,all_available,Jinasena_MasterData_Stock.stock_picking_type_manufacturing_505,seed_master_data_and_settings.company_jinasena_agricultural_machinery,warning,0,0,1,0.0,base.LKR,
mrp_bom_id_1526,1,normal,Jinasena_MasterData_Stock.product_template_dust_cover_assembly,1.0,uom.product_uom_unit,0,all_available,Jinasena_MasterData_Stock.stock_picking_type_manufacturing_505,seed_master_data_and_settings.company_jinasena_agricultural_machinery,warning,0,0,1,0.0,base.LKR,
mrp_bom_id_1529,1,normal,Jinasena_MasterData_Stock.product_template_columns,1.0,uom.product_uom_unit,0,all_available,Jinasena_MasterData_Stock.stock_picking_type_manufacturing_505,seed_master_data_and_settings.company_jinasena_agricultural_machinery,warning,0,0,1,0.0,base.LKR,
mrp_bom_id_1540,1,normal,Jinasena_MasterData_Stock.product_template_rotary_sieving_machine_2g_i,1.0,uom.product_uom_unit,0,all_available,Jinasena_MasterData_Stock.stock_picking_type_manufacturing_505,seed_master_data_and_settings.company_jinasena_agricultural_machinery,warning,0,0,1,0.0,base.LKR,
mrp_bom_id_1566,1,normal,Jinasena_MasterData_Stock.product_template_final_assy_for_single_phase_drive,1.0,uom.product_uom_unit,0,all_available,Jinasena_MasterData_Stock.stock_picking_type_manufacturing_505,seed_master_data_and_settings.company_jinasena_agricultural_machinery,warning,0,0,1,0.0,base.LKR,
mrp_bom_id_1567,1,normal,Jinasena_MasterData_Stock.product_template_net_assembly_g_i,1.0,uom.product_uom_unit,0,all_available,Jinasena_MasterData_Stock.stock_picking_type_manufacturing_505,seed_master_data_and_settings.company_jinasena_agricultural_machinery,warning,0,0,1,0.0,base.LKR,
mrp_bom_id_1569,1,normal,Jinasena_MasterData_Stock.product_template_top_beam,1.0,uom.product_uom_unit,0,all_available,Jinasena_MasterData_Stock.stock_picking_type_manufacturing_505,seed_master_data_and_settings.company_jinasena_agricultural_machinery,warning,0,0,1,0.0,base.LKR,
mrp_bom_id_1574,1,normal,Jinasena_MasterData_Stock.product_template_axilary_side_1,1.0,uom.product_uom_unit,0,all_available,Jinasena_MasterData_Stock.stock_picking_type_manufacturing_505,seed_master_data_and_settings.company_jinasena_agricultural_machinery,warning,0,0,1,0.0,base.LKR,
mrp_bom_id_1578,1,normal,Jinasena_MasterData_Stock.product_template_prop_331960,1.0,uom.product_uom_unit,0,all_available,Jinasena_MasterData_Stock.stock_picking_type_manufacturing_505,seed_master_data_and_settings.company_jinasena_agricultural_machinery,warning,0,0,1,0.0,base.LKR,
mrp_bom_id_1582,1,normal,Jinasena_MasterData_Stock.product_template_rotary_sieving_machine_2_kw_g_i_single_p,1.0,uom.product_uom_unit,0,all_available,Jinasena_MasterData_Stock.stock_picking_type_manufacturing_505,seed_master_data_and_settings.company_jinasena_agricultural_machinery,warning,0,0,1,0.0,base.LKR,
mrp_bom_id_1609,1,normal,Jinasena_MasterData_Stock.product_template_net_assembly_s_s,1.0,uom.product_uom_unit,0,all_available,Jinasena_MasterData_Stock.stock_picking_type_manufacturing_505,seed_master_data_and_settings.company_jinasena_agricultural_machinery,warning,0,0,1,0.0,base.LKR,
mrp_bom_id_1612,1,normal,Jinasena_MasterData_Stock.product_template_bottom_beam,1.0,uom.product_uom_unit,0,all_available,Jinasena_MasterData_Stock.stock_picking_type_manufacturing_505,seed_master_data_and_settings.company_jinasena_agricultural_machinery,warning,0,0,1,0.0,base.LKR,
mrp_bom_id_1622,1,normal,Jinasena_MasterData_Stock.product_template_drive_end_shaft,1.0,uom.product_uom_unit,0,all_available,Jinasena_MasterData_Stock.stock_picking_type_manufacturing_505,seed_master_data_and_settings.company_jinasena_agricultural_machinery,warning,0,0,1,0.0,base.LKR,
mrp_bom_id_1624,1,normal,Jinasena_MasterData_Stock.product_template_rotary_seiving_machine_w_s_s,1.0,uom.product_uom_unit,0,all_available,Jinasena_MasterData_Stock.stock_picking_type_manufacturing_505,seed_master_data_and_settings.company_jinasena_agricultural_machinery,warning,0,0,1,0.0,base.LKR,
mrp_bom_id_1652,1,normal,Jinasena_MasterData_Stock.product_template_stand_assemble,1.0,uom.product_uom_unit,0,all_available,Jinasena_MasterData_Stock.stock_picking_type_manufacturing_505,seed_master_data_and_settings.company_jinasena_agricultural_machinery,warning,0,0,1,0.0,base.LKR,
mrp_bom_id_1659,1,normal,Jinasena_MasterData_Stock.product_template_feeding_flatform,1.0,uom.product_uom_unit,0,all_available,Jinasena_MasterData_Stock.stock_picking_type_manufacturing_505,seed_master_data_and_settings.company_jinasena_agricultural_machinery,warning,0,0,1,0.0,base.LKR,
mrp_bom_id_1670,1,normal,Jinasena_MasterData_Stock.product_template_shaft_body_331961,1.0,uom.product_uom_unit,0,all_available,Jinasena_MasterData_Stock.stock_picking_type_manufacturing_505,seed_master_data_and_settings.company_jinasena_agricultural_machinery,warning,0,0,1,0.0,base.LKR,
mrp_bom_id_1673,1,normal,Jinasena_MasterData_Stock.product_template_curved_support,1.0,uom.product_uom_unit,0,all_available,Jinasena_MasterData_Stock.stock_picking_type_manufacturing_505,seed_master_data_and_settings.company_jinasena_agricultural_machinery,warning,0,0,1,0.0,base.LKR,
mrp_bom_id_1674,1,normal,Jinasena_MasterData_Stock.product_template_plate_rainforcement,1.0,uom.product_uom_unit,0,all_available,Jinasena_MasterData_Stock.stock_picking_type_manufacturing_505,seed_master_data_and_settings.company_jinasena_agricultural_machinery,warning,0,0,1,0.0,base.LKR,
mrp_bom_id_1675,1,normal,Jinasena_MasterData_Stock.product_template_plate,1.0,uom.product_uom_unit,0,all_available,Jinasena_MasterData_Stock.stock_picking_type_manufacturing_505,seed_master_data_and_settings.company_jinasena_agricultural_machinery,warning,0,0,1,0.0,base.LKR,
mrp_bom_id_1676,1,normal,Jinasena_MasterData_Stock.product_template_flatform_mount,1.0,uom.product_uom_unit,0,all_available,Jinasena_MasterData_Stock.stock_picking_type_manufacturing_505,seed_master_data_and_settings.company_jinasena_agricultural_machinery,warning,0,0,1,0.0,base.LKR,
mrp_bom_id_1677,1,normal,Jinasena_MasterData_Stock.product_template_flatform_support,1.0,uom.product_uom_unit,0,all_available,Jinasena_MasterData_Stock.stock_picking_type_manufacturing_505,seed_master_data_and_settings.company_jinasena_agricultural_machinery,warning,0,0,1,0.0,base.LKR,
mrp_bom_id_1678,1,normal,Jinasena_MasterData_Stock.product_template_rotary_seiving_machine_2kw_w_s_s_single_,1.0,uom.product_uom_unit,0,all_available,Jinasena_MasterData_Stock.stock_picking_type_manufacturing_505,seed_master_data_and_settings.company_jinasena_agricultural_machinery,warning,0,0,1,0.0,base.LKR,
mrp_bom_id_1695,1,normal,Jinasena_MasterData_Stock.product_template_main_body_assembly,1.0,uom.product_uom_unit,0,all_available,Jinasena_MasterData_Stock.stock_picking_type_manufacturing_505,seed_master_data_and_settings.company_jinasena_agricultural_machinery,warning,0,0,1,0.0,base.LKR,
mrp_bom_id_1700,1,normal,Jinasena_MasterData_Stock.product_template_motor_base_assembly,1.0,uom.product_uom_unit,0,all_available,Jinasena_MasterData_Stock.stock_picking_type_manufacturing_505,seed_master_data_and_settings.company_jinasena_agricultural_machinery,warning,0,0,1,0.0,base.LKR,
mrp_bom_id_1702,1,normal,Jinasena_MasterData_Stock.product_template_tea_cutting_machine_process,1.0,uom.product_uom_unit,0,all_available,Jinasena_MasterData_Stock.stock_picking_type_manufacturing_505,seed_master_data_and_settings.company_jinasena_agricultural_machinery,warning,0,0,1,0.0,base.LKR,
mrp_bom_id_1706,1,normal,Jinasena_MasterData_Stock.product_template_tea_cutting_machine_15hp,1.0,uom.product_uom_unit,0,all_available,Jinasena_MasterData_Stock.stock_picking_type_manufacturing_505,seed_master_data_and_settings.company_jinasena_agricultural_machinery,warning,0,0,1,0.0,base.LKR,
mrp_bom_id_1708,1,normal,Jinasena_MasterData_Stock.product_template_main_body_assembly_329713,1.0,uom.product_uom_unit,0,all_available,Jinasena_MasterData_Stock.stock_picking_type_manufacturing_505,seed_master_data_and_settings.company_jinasena_agricultural_machinery,warning,0,0,1,0.0,base.LKR,
mrp_bom_id_1710,1,normal,Jinasena_MasterData_Stock.product_template_drum_assembly,1.0,uom.product_uom_unit,0,all_available,Jinasena_MasterData_Stock.stock_picking_type_manufacturing_505,seed_master_data_and_settings.company_jinasena_agricultural_machinery,warning,0,0,1,0.0,base.LKR,
mrp_bom_id_1712,1,normal,Jinasena_MasterData_Stock.product_template_top_hopper_assembly,1.0,uom.product_uom_unit,0,all_available,Jinasena_MasterData_Stock.stock_picking_type_manufacturing_505,seed_master_data_and_settings.company_jinasena_agricultural_machinery,warning,0,0,1,0.0,base.LKR,
mrp_bom_id_1714,1,normal,Jinasena_MasterData_Stock.product_template_base_assembly,1.0,uom.product_uom_unit,0,all_available,Jinasena_MasterData_Stock.stock_picking_type_manufacturing_505,seed_master_data_and_settings.company_jinasena_agricultural_machinery,warning,0,0,1,0.0,base.LKR,
mrp_bom_id_1717,1,normal,Jinasena_MasterData_Stock.product_template_final_assembly_items_329718,1.0,uom.product_uom_unit,0,all_available,Jinasena_MasterData_Stock.stock_picking_type_manufacturing_505,seed_master_data_and_settings.company_jinasena_agricultural_machinery,warning,0,0,1,0.0,base.LKR,
mrp_bom_id_1814,1,normal,Jinasena_MasterData_Stock.product_template_sideplate,1.0,uom.product_uom_unit,0,all_available,Jinasena_MasterData_Stock.stock_picking_type_manufacturing_505,seed_master_data_and_settings.company_jinasena_agricultural_machinery,warning,0,0,1,0.0,base.LKR,
mrp_bom_id_1815,1,normal,Jinasena_MasterData_Stock.product_template_bottom_plate_331910,1.0,uom.product_uom_unit,0,all_available,Jinasena_MasterData_Stock.stock_picking_type_manufacturing_505,seed_master_data_and_settings.company_jinasena_agricultural_machinery,warning,0,0,1,0.0,base.LKR,
mrp_bom_id_1816,1,normal,Jinasena_MasterData_Stock.product_template_cover_plate_a_331911,1.0,uom.product_uom_unit,0,all_available,Jinasena_MasterData_Stock.stock_picking_type_manufacturing_505,seed_master_data_and_settings.company_jinasena_agricultural_machinery,warning,0,0,1,0.0,base.LKR,
mrp_bom_id_1817,1,normal,Jinasena_MasterData_Stock.product_template_cover_plate_b_331912,1.0,uom.product_uom_unit,0,all_available,Jinasena_MasterData_Stock.stock_picking_type_manufacturing_505,seed_master_data_and_settings.company_jinasena_agricultural_machinery,warning,0,0,1,0.0,base.LKR,
mrp_bom_id_1818,1,normal,Jinasena_MasterData_Stock.product_template_cover_plate_c_331913,1.0,uom.product_uom_unit,0,all_available,Jinasena_MasterData_Stock.stock_picking_type_manufacturing_505,seed_master_data_and_settings.company_jinasena_agricultural_machinery,warning,0,0,1,0.0,base.LKR,
mrp_bom_id_1819,1,normal,Jinasena_MasterData_Stock.product_template_cover_plate_d_331914,1.0,uom.product_uom_unit,0,all_available,Jinasena_MasterData_Stock.stock_picking_type_manufacturing_505,seed_master_data_and_settings.company_jinasena_agricultural_machinery,warning,0,0,1,0.0,base.LKR,
mrp_bom_id_1820,1,normal,Jinasena_MasterData_Stock.product_template_cover_plate_e_331915,1.0,uom.product_uom_unit,0,all_available,Jinasena_MasterData_Stock.stock_picking_type_manufacturing_505,seed_master_data_and_settings.company_jinasena_agricultural_machinery,warning,0,0,1,0.0,base.LKR,
mrp_bom_id_1821,1,normal,Jinasena_MasterData_Stock.product_template_bearing_plate_331916,1.0,uom.product_uom_unit,0,all_available,Jinasena_MasterData_Stock.stock_picking_type_manufacturing_505,seed_master_data_and_settings.company_jinasena_agricultural_machinery,warning,0,0,1,0.0,base.LKR,
mrp_bom_id_1822,1,normal,Jinasena_MasterData_Stock.product_template_outlet_side_331917,1.0,uom.product_uom_unit,0,all_available,Jinasena_MasterData_Stock.stock_picking_type_manufacturing_505,seed_master_data_and_settings.company_jinasena_agricultural_machinery,warning,0,0,1,0.0,base.LKR,
mrp_bom_id_1823,1,normal,Jinasena_MasterData_Stock.product_template_top_angle_plate_331918,1.0,uom.product_uom_unit,0,all_available,Jinasena_MasterData_Stock.stock_picking_type_manufacturing_505,seed_master_data_and_settings.company_jinasena_agricultural_machinery,warning,0,0,1,0.0,base.LKR,
mrp_bom_id_1824,1,normal,Jinasena_MasterData_Stock.product_template_outlet_cover_331919,1.0,uom.product_uom_unit,0,all_available,Jinasena_MasterData_Stock.stock_picking_type_manufacturing_505,seed_master_data_and_settings.company_jinasena_agricultural_machinery,warning,0,0,1,0.0,base.LKR,
mrp_bom_id_1825,1,normal,Jinasena_MasterData_Stock.product_template_hoper_plate_1,1.0,uom.product_uom_unit,0,all_available,Jinasena_MasterData_Stock.stock_picking_type_manufacturing_505,seed_master_data_and_settings.company_jinasena_agricultural_machinery,warning,0,0,1,0.0,base.LKR,
mrp_bom_id_1826,1,normal,Jinasena_MasterData_Stock.product_template_hoper_plate_2,1.0,uom.product_uom_unit,0,all_available,Jinasena_MasterData_Stock.stock_picking_type_manufacturing_505,seed_master_data_and_settings.company_jinasena_agricultural_machinery,warning,0,0,1,0.0,base.LKR,
mrp_bom_id_1827,1,normal,Jinasena_MasterData_Stock.product_template_hoper_plate_3,1.0,uom.product_uom_unit,0,all_available,Jinasena_MasterData_Stock.stock_picking_type_manufacturing_505,seed_master_data_and_settings.company_jinasena_agricultural_machinery,warning,0,0,1,0.0,base.LKR,
mrp_bom_id_1828,1,normal,Jinasena_MasterData_Stock.product_template_hoper_plate_4,1.0,uom.product_uom_unit,0,all_available,Jinasena_MasterData_Stock.stock_picking_type_manufacturing_505,seed_master_data_and_settings.company_jinasena_agricultural_machinery,warning,0,0,1,0.0,base.LKR,
mrp_bom_id_1829,1,normal,Jinasena_MasterData_Stock.product_template_base_angle_1,1.0,uom.product_uom_unit,0,all_available,Jinasena_MasterData_Stock.stock_picking_type_manufacturing_505,seed_master_data_and_settings.company_jinasena_agricultural_machinery,warning,0,0,1,0.0,base.LKR,
mrp_bom_id_1830,1,normal,Jinasena_MasterData_Stock.product_template_base_angle_2,1.0,uom.product_uom_unit,0,all_available,Jinasena_MasterData_Stock.stock_picking_type_manufacturing_505,seed_master_data_and_settings.company_jinasena_agricultural_machinery,warning,0,0,1,0.0,base.LKR,
mrp_bom_id_1831,1,normal,Jinasena_MasterData_Stock.product_template_motor_bracket_support,1.0,uom.product_uom_unit,0,all_available,Jinasena_MasterData_Stock.stock_picking_type_manufacturing_505,seed_master_data_and_settings.company_jinasena_agricultural_machinery,warning,0,0,1,0.0,base.LKR,
mrp_bom_id_1832,1,normal,Jinasena_MasterData_Stock.product_template_motor_bracket_angle,1.0,uom.product_uom_unit,0,all_available,Jinasena_MasterData_Stock.stock_picking_type_manufacturing_505,seed_master_data_and_settings.company_jinasena_agricultural_machinery,warning,0,0,1,0.0,base.LKR,
mrp_bom_id_1833,1,normal,Jinasena_MasterData_Stock.product_template_body_holding_brackete,1.0,uom.product_uom_unit,0,all_available,Jinasena_MasterData_Stock.stock_picking_type_manufacturing_505,seed_master_data_and_settings.company_jinasena_agricultural_machinery,warning,0,0,1,0.0,base.LKR,
mrp_bom_id_1834,1,normal,Jinasena_MasterData_Stock.product_template_base_angle_front,1.0,uom.product_uom_unit,0,all_available,Jinasena_MasterData_Stock.stock_picking_type_manufacturing_505,seed_master_data_and_settings.company_jinasena_agricultural_machinery,warning,0,0,1,0.0,base.LKR,
mrp_bom_id_1835,1,normal,Jinasena_MasterData_Stock.product_template_base_raiforcement_1,1.0,uom.product_uom_unit,0,all_available,Jinasena_MasterData_Stock.stock_picking_type_manufacturing_505,seed_master_data_and_settings.company_jinasena_agricultural_machinery,warning,0,0,1,0.0,base.LKR,
mrp_bom_id_1836,1,normal,Jinasena_MasterData_Stock.product_template_base_raiforcement_2,1.0,uom.product_uom_unit,0,all_available,Jinasena_MasterData_Stock.stock_picking_type_manufacturing_505,seed_master_data_and_settings.company_jinasena_agricultural_machinery,warning,0,0,1,0.0,base.LKR,
mrp_bom_id_1837,1,normal,Jinasena_MasterData_Stock.product_template_motor_bracket_f_i,1.0,uom.product_uom_unit,0,all_available,Jinasena_MasterData_Stock.stock_picking_type_manufacturing_505,seed_master_data_and_settings.company_jinasena_agricultural_machinery,warning,0,0,1,0.0,base.LKR,
mrp_bom_id_1838,1,normal,Jinasena_MasterData_Stock.product_template_stage_plate,1.0,uom.product_uom_unit,0,all_available,Jinasena_MasterData_Stock.stock_picking_type_manufacturing_505,seed_master_data_and_settings.company_jinasena_agricultural_machinery,warning,0,0,1,0.0,base.LKR,
mrp_bom_id_1839,1,normal,Jinasena_MasterData_Stock.product_template_cloumns_foots,1.0,uom.product_uom_unit,0,all_available,Jinasena_MasterData_Stock.stock_picking_type_manufacturing_505,seed_master_data_and_settings.company_jinasena_agricultural_machinery,warning,0,0,1,0.0,base.LKR,
mrp_bom_id_1840,1,normal,Jinasena_MasterData_Stock.product_template_drumplates,1.0,uom.product_uom_unit,0,all_available,Jinasena_MasterData_Stock.stock_picking_type_manufacturing_505,seed_master_data_and_settings.company_jinasena_agricultural_machinery,warning,0,0,1,0.0,base.LKR,
mrp_bom_id_1841,1,normal,Jinasena_MasterData_Stock.product_template_drum_bush_331946,1.0,uom.product_uom_unit,0,all_available,Jinasena_MasterData_Stock.stock_picking_type_manufacturing_505,seed_master_data_and_settings.company_jinasena_agricultural_machinery,warning,0,0,1,0.0,base.LKR,
mrp_bom_id_1842,1,normal,Jinasena_MasterData_Stock.product_template_drum_shaft,1.0,uom.product_uom_unit,0,all_available,Jinasena_MasterData_Stock.stock_picking_type_manufacturing_505,seed_master_data_and_settings.company_jinasena_agricultural_machinery,warning,0,0,1,0.0,base.LKR,
mrp_bom_id_1843,1,normal,Jinasena_MasterData_Stock.product_template_blade_spacers,1.0,uom.product_uom_unit,0,all_available,Jinasena_MasterData_Stock.stock_picking_type_manufacturing_505,seed_master_data_and_settings.company_jinasena_agricultural_machinery,warning,0,0,1,0.0,base.LKR,
mrp_bom_id_1844,1,normal,Jinasena_MasterData_Stock.product_template_blade_hangin_pin,1.0,uom.product_uom_unit,0,all_available,Jinasena_MasterData_Stock.stock_picking_type_manufacturing_505,seed_master_data_and_settings.company_jinasena_agricultural_machinery,warning,0,0,1,0.0,base.LKR,
mrp_bom_id_1845,1,normal,Jinasena_MasterData_Stock.product_template_shaft_key,1.0,uom.product_uom_unit,0,all_available,Jinasena_MasterData_Stock.stock_picking_type_manufacturing_505,seed_master_data_and_settings.company_jinasena_agricultural_machinery,warning,0,0,1,0.0,base.LKR,
mrp_bom_id_1868,1,normal,Jinasena_MasterData_Stock.product_template_top_hopper_assembly_329748,1.0,uom.product_uom_unit,0,all_available,Jinasena_MasterData_Stock.stock_picking_type_manufacturing_505,seed_master_data_and_settings.company_jinasena_agricultural_machinery,warning,0,0,1,0.0,base.LKR,
mrp_bom_id_1872,1,normal,Jinasena_MasterData_Stock.product_template_belt_guard_assembly,1.0,uom.product_uom_unit,0,all_available,Jinasena_MasterData_Stock.stock_picking_type_manufacturing_505,seed_master_data_and_settings.company_jinasena_agricultural_machinery,warning,0,0,1,0.0,base.LKR,
mrp_bom_id_1874,1,normal,Jinasena_MasterData_Stock.product_template_final_assembly_items,1.0,uom.product_uom_unit,0,all_available,Jinasena_MasterData_Stock.stock_picking_type_manufacturing_505,seed_master_data_and_settings.company_jinasena_agricultural_machinery,warning,0,0,1,0.0,base.LKR,
mrp_bom_id_1875,1,normal,Jinasena_MasterData_Stock.product_template_tea_cutting_machine_5hp,1.0,uom.product_uom_unit,0,all_available,Jinasena_MasterData_Stock.stock_picking_type_manufacturing_505,seed_master_data_and_settings.company_jinasena_agricultural_machinery,warning,0,0,1,0.0,base.LKR,
mrp_bom_id_1906,1,normal,Jinasena_MasterData_Stock.product_template_main_body,1.0,uom.product_uom_unit,0,all_available,Jinasena_MasterData_Stock.stock_picking_type_manufacturing_505,seed_master_data_and_settings.company_jinasena_agricultural_machinery,warning,0,0,1,0.0,base.LKR,
mrp_bom_id_1907,1,normal,Jinasena_MasterData_Stock.product_template_drum_assembly_329747,1.0,uom.product_uom_unit,0,all_available,Jinasena_MasterData_Stock.stock_picking_type_manufacturing_505,seed_master_data_and_settings.company_jinasena_agricultural_machinery,warning,0,0,1,0.0,base.LKR,
mrp_bom_id_1908,1,normal,Jinasena_MasterData_Stock.product_template_top_hopper,1.0,uom.product_uom_unit,0,all_available,Jinasena_MasterData_Stock.stock_picking_type_manufacturing_505,seed_master_data_and_settings.company_jinasena_agricultural_machinery,warning,0,0,1,0.0,base.LKR,
mrp_bom_id_1909,1,normal,Jinasena_MasterData_Stock.product_template_reduction_pulley_assembly,1.0,uom.product_uom_unit,0,all_available,Jinasena_MasterData_Stock.stock_picking_type_manufacturing_505,seed_master_data_and_settings.company_jinasena_agricultural_machinery,warning,0,0,1,0.0,base.LKR,
mrp_bom_id_1913,1,normal,Jinasena_MasterData_Stock.product_template_pressure_guard_329755,1.0,uom.product_uom_unit,0,all_available,Jinasena_MasterData_Stock.stock_picking_type_manufacturing_505,seed_master_data_and_settings.company_jinasena_agricultural_machinery,warning,0,0,1,0.0,base.LKR,
mrp_bom_id_1915,1,normal,Jinasena_MasterData_Stock.product_template_ss_tea_cutter_5hp,1.0,uom.product_uom_unit,0,all_available,Jinasena_MasterData_Stock.stock_picking_type_manufacturing_505,seed_master_data_and_settings.company_jinasena_agricultural_machinery,warning,0,0,1,0.0,base.LKR,
mrp_bom_id_1935,1,normal,Jinasena_MasterData_Stock.product_template_tea_cutting_machine_5hp_option_2,1.0,uom.product_uom_unit,0,all_available,Jinasena_MasterData_Stock.stock_picking_type_manufacturing_505,seed_master_data_and_settings.company_jinasena_agricultural_machinery,warning,0,0,1,0.0,base.LKR,
mrp_bom_id_1948,1,normal,Jinasena_MasterData_Stock.product_template_main_body_tcm_op_3,1.0,uom.product_uom_unit,0,all_available,Jinasena_MasterData_Stock.stock_picking_type_manufacturing_505,seed_master_data_and_settings.company_jinasena_agricultural_machinery,warning,0,0,1,0.0,base.LKR,
mrp_bom_id_1950,1,normal,Jinasena_MasterData_Stock.product_template_final_assy_tcm_op_3,1.0,uom.product_uom_unit,0,all_available,Jinasena_MasterData_Stock.stock_picking_type_manufacturing_505,seed_master_data_and_settings.company_jinasena_agricultural_machinery,warning,0,0,1,0.0,base.LKR,
mrp_bom_id_1951,1,normal,Jinasena_MasterData_Stock.product_template_tea_cutting_machine_5hp_option_3,1.0,uom.product_uom_unit,0,all_available,Jinasena_MasterData_Stock.stock_picking_type_manufacturing_505,seed_master_data_and_settings.company_jinasena_agricultural_machinery,warning,0,0,1,0.0,base.LKR,
mrp_bom_id_1976,1,normal,Jinasena_MasterData_Stock.product_template_base_assembly_329751,1.0,uom.product_uom_unit,0,all_available,Jinasena_MasterData_Stock.stock_picking_type_manufacturing_505,seed_master_data_and_settings.company_jinasena_agricultural_machinery,warning,0,0,1,0.0,base.LKR,
mrp_bom_id_1979,1,normal,Jinasena_MasterData_Stock.product_template_pressure_guard_329754,1.0,uom.product_uom_unit,0,all_available,Jinasena_MasterData_Stock.stock_picking_type_manufacturing_505,seed_master_data_and_settings.company_jinasena_agricultural_machinery,warning,0,0,1,0.0,base.LKR,
mrp_bom_id_1981,1,normal,Jinasena_MasterData_Stock.product_template_tea_cutting_machine_5hp_option_4,1.0,uom.product_uom_unit,0,all_available,Jinasena_MasterData_Stock.stock_picking_type_manufacturing_505,seed_master_data_and_settings.company_jinasena_agricultural_machinery,warning,0,0,1,0.0,base.LKR,
mrp_bom_id_2084,1,normal,Jinasena_MasterData_Stock.product_template_blade_shield_assembly_gt8,1.0,uom.product_uom_unit,0,all_available,,seed_master_data_and_settings.company_jinasena_agricultural_machinery,warning,0,0,1,0.0,base.LKR,
mrp_bom_id_2085,1,normal,Jinasena_MasterData_Stock.product_template_bracket_assembly_gt8,1.0,uom.product_uom_unit,0,all_available,Jinasena_MasterData_Stock.stock_picking_type_manufacturing_505,seed_master_data_and_settings.company_jinasena_agricultural_machinery,warning,0,0,1,0.0,base.LKR,
mrp_bom_id_2086,1,normal,Jinasena_MasterData_Stock.product_template_spindle_assembly_gt8,1.0,uom.product_uom_unit,0,all_available,Jinasena_MasterData_Stock.stock_picking_type_manufacturing_505,seed_master_data_and_settings.company_jinasena_agricultural_machinery,warning,0,0,1,0.0,base.LKR,
mrp_bom_id_2087,1,normal,Jinasena_MasterData_Stock.product_template_belt_guard_assembly_gt8,1.0,uom.product_uom_unit,0,all_available,Jinasena_MasterData_Stock.stock_picking_type_manufacturing_505,seed_master_data_and_settings.company_jinasena_agricultural_machinery,warning,0,0,1,0.0,base.LKR,
mrp_bom_id_2088,1,normal,Jinasena_MasterData_Stock.product_template_clutch_assembly,1.0,uom.product_uom_unit,0,all_available,Jinasena_MasterData_Stock.stock_picking_type_manufacturing_505,seed_master_data_and_settings.company_jinasena_agricultural_machinery,warning,0,0,1,0.0,base.LKR,
mrp_bom_id_2089,1,normal,Jinasena_MasterData_Stock.product_template_steel_wheel_for_bc_gt8,1.0,uom.product_uom_unit,0,all_available,Jinasena_MasterData_Stock.stock_picking_type_manufacturing_505,seed_master_data_and_settings.company_jinasena_agricultural_machinery,warning,0,0,1,0.0,base.LKR,
mrp_bom_id_2090,1,normal,Jinasena_MasterData_Stock.product_template_top_plate_blade_shield,1.0,uom.product_uom_unit,0,all_available,Jinasena_MasterData_Stock.stock_picking_type_manufacturing_505,seed_master_data_and_settings.company_jinasena_agricultural_machinery,warning,0,0,1,0.0,base.LKR,
mrp_bom_id_2091,1,normal,Jinasena_MasterData_Stock.product_template_cover_plate_1_blade_shield,1.0,uom.product_uom_unit,0,all_available,Jinasena_MasterData_Stock.stock_picking_type_manufacturing_505,seed_master_data_and_settings.company_jinasena_agricultural_machinery,warning,0,0,1,0.0,base.LKR,
mrp_bom_id_2092,1,normal,Jinasena_MasterData_Stock.product_template_cover_plate_2_blade_shield,1.0,uom.product_uom_unit,0,all_available,Jinasena_MasterData_Stock.stock_picking_type_manufacturing_505,seed_master_data_and_settings.company_jinasena_agricultural_machinery,warning,0,0,1,0.0,base.LKR,
mrp_bom_id_2093,1,normal,Jinasena_MasterData_Stock.product_template_rein_plate_blade_shield_o_c,1.0,uom.product_uom_unit,0,all_available,Jinasena_MasterData_Stock.stock_picking_type_manufacturing_505,seed_master_data_and_settings.company_jinasena_agricultural_machinery,warning,0,0,1,0.0,base.LKR,
mrp_bom_id_2094,1,normal,Jinasena_MasterData_Stock.product_template_triangular_rein_plate,1.0,uom.product_uom_unit,0,all_available,Jinasena_MasterData_Stock.stock_picking_type_manufacturing_505,seed_master_data_and_settings.company_jinasena_agricultural_machinery,warning,0,0,1,0.0,base.LKR,
mrp_bom_id_2095,1,normal,Jinasena_MasterData_Stock.product_template_reinforecement_angle_o_c,1.0,uom.product_uom_unit,0,all_available,Jinasena_MasterData_Stock.stock_picking_type_manufacturing_505,seed_master_data_and_settings.company_jinasena_agricultural_machinery,warning,0,0,1,0.0,base.LKR,
mrp_bom_id_2096,1,normal,Jinasena_MasterData_Stock.product_template_cutter_blade_jbc24_bush_flat,1.0,uom.product_uom_unit,0,all_available,Jinasena_MasterData_Stock.stock_picking_type_manufacturing_505,seed_master_data_and_settings.company_jinasena_agricultural_machinery,warning,0,0,1,0.0,base.LKR,
mrp_bom_id_2097,1,normal,Jinasena_MasterData_Stock.product_template_cover_plate_3_blade_shi,1.0,uom.product_uom_unit,0,all_available,Jinasena_MasterData_Stock.stock_picking_type_manufacturing_505,seed_master_data_and_settings.company_jinasena_agricultural_machinery,warning,0,0,1,0.0,base.LKR,
mrp_bom_id_2098,1,normal,Jinasena_MasterData_Stock.product_template_reinforcement_1_2_3_bl_shield,1.0,uom.product_uom_unit,0,all_available,Jinasena_MasterData_Stock.stock_picking_type_manufacturing_505,seed_master_data_and_settings.company_jinasena_agricultural_machinery,warning,0,0,1,0.0,base.LKR,
mrp_bom_id_2099,1,normal,Jinasena_MasterData_Stock.product_template_buffer_top_1_2_bl_shield,1.0,uom.product_uom_unit,0,all_available,Jinasena_MasterData_Stock.stock_picking_type_manufacturing_505,seed_master_data_and_settings.company_jinasena_agricultural_machinery,warning,0,0,1,0.0,base.LKR,
mrp_bom_id_2100,1,normal,Jinasena_MasterData_Stock.product_template_buffer_bottom_1_2_bl_shield,1.0,uom.product_uom_unit,0,all_available,Jinasena_MasterData_Stock.stock_picking_type_manufacturing_505,seed_master_data_and_settings.company_jinasena_agricultural_machinery,warning,0,0,1,0.0,base.LKR,
mrp_bom_id_2101,1,normal,Jinasena_MasterData_Stock.product_template_rubber_protective_pad_bc_jet5,1.0,uom.product_uom_unit,0,all_available,Jinasena_MasterData_Stock.stock_picking_type_manufacturing_505,seed_master_data_and_settings.company_jinasena_agricultural_machinery,warning,0,0,1,0.0,base.LKR,
mrp_bom_id_2102,1,normal,Jinasena_MasterData_Stock.product_template_bracket_angle_330054,1.0,uom.product_uom_unit,0,all_available,Jinasena_MasterData_Stock.stock_picking_type_manufacturing_505,seed_master_data_and_settings.company_jinasena_agricultural_machinery,warning,0,0,1,0.0,base.LKR,
mrp_bom_id_2103,1,normal,Jinasena_MasterData_Stock.product_template_bracket_flate_iron,1.0,uom.product_uom_unit,0,all_available,Jinasena_MasterData_Stock.stock_picking_type_manufacturing_505,seed_master_data_and_settings.company_jinasena_agricultural_machinery,warning,0,0,1,0.0,base.LKR,
mrp_bom_id_2104,1,normal,Jinasena_MasterData_Stock.product_template_pulley_axel,1.0,uom.product_uom_unit,0,all_available,Jinasena_MasterData_Stock.stock_picking_type_manufacturing_505,seed_master_data_and_settings.company_jinasena_agricultural_machinery,warning,0,0,1,0.0,base.LKR,
mrp_bom_id_2105,1,normal,Jinasena_MasterData_Stock.product_template_angle_liner,1.0,uom.product_uom_unit,0,all_available,Jinasena_MasterData_Stock.stock_picking_type_manufacturing_505,seed_master_data_and_settings.company_jinasena_agricultural_machinery,warning,0,0,1,0.0,base.LKR,
mrp_bom_id_2106,1,normal,Jinasena_MasterData_Stock.product_template_tie_bar,1.0,uom.product_uom_unit,0,all_available,Jinasena_MasterData_Stock.stock_picking_type_manufacturing_505,seed_master_data_and_settings.company_jinasena_agricultural_machinery,warning,0,0,1,0.0,base.LKR,
mrp_bom_id_2107,1,normal,Jinasena_MasterData_Stock.product_template_tie_bar_flat_iron,1.0,uom.product_uom_unit,0,all_available,Jinasena_MasterData_Stock.stock_picking_type_manufacturing_505,seed_master_data_and_settings.company_jinasena_agricultural_machinery,warning,0,0,1,0.0,base.LKR,
mrp_bom_id_2108,1,normal,Jinasena_MasterData_Stock.product_template_bolt_tensio_angle,1.0,uom.product_uom_unit,0,all_available,Jinasena_MasterData_Stock.stock_picking_type_manufacturing_505,seed_master_data_and_settings.company_jinasena_agricultural_machinery,warning,0,0,1,0.0,base.LKR,
mrp_bom_id_2109,1,normal,Jinasena_MasterData_Stock.product_template_pulley_guard_bracket,1.0,uom.product_uom_unit,0,all_available,Jinasena_MasterData_Stock.stock_picking_type_manufacturing_505,seed_master_data_and_settings.company_jinasena_agricultural_machinery,warning,0,0,1,0.0,base.LKR,
mrp_bom_id_2110,1,normal,Jinasena_MasterData_Stock.product_template_huosing_bracket_angle,1.0,uom.product_uom_unit,0,all_available,Jinasena_MasterData_Stock.stock_picking_type_manufacturing_505,seed_master_data_and_settings.company_jinasena_agricultural_machinery,warning,0,0,1,0.0,base.LKR,
mrp_bom_id_2111,1,normal,Jinasena_MasterData_Stock.product_template_reinforcement_plate_330063,1.0,uom.product_uom_unit,0,all_available,Jinasena_MasterData_Stock.stock_picking_type_manufacturing_505,seed_master_data_and_settings.company_jinasena_agricultural_machinery,warning,0,0,1,0.0,base.LKR,
mrp_bom_id_2112,1,normal,Jinasena_MasterData_Stock.product_template_nut_lock_plate,1.0,uom.product_uom_unit,0,all_available,Jinasena_MasterData_Stock.stock_picking_type_manufacturing_505,seed_master_data_and_settings.company_jinasena_agricultural_machinery,warning,0,0,1,0.0,base.LKR,
mrp_bom_id_2113,1,normal,Jinasena_MasterData_Stock.product_template_spindle_housing,1.0,uom.product_uom_unit,0,all_available,Jinasena_MasterData_Stock.stock_picking_type_manufacturing_505,seed_master_data_and_settings.company_jinasena_agricultural_machinery,warning,0,0,1,0.0,base.LKR,
mrp_bom_id_2114,1,normal,Jinasena_MasterData_Stock.product_template_spindle_shaft,1.0,uom.product_uom_unit,0,all_available,Jinasena_MasterData_Stock.stock_picking_type_manufacturing_505,seed_master_data_and_settings.company_jinasena_agricultural_machinery,warning,0,0,1,0.0,base.LKR,
mrp_bom_id_2115,1,normal,Jinasena_MasterData_Stock.product_template_bearing_cup_330068,1.0,uom.product_uom_unit,0,all_available,Jinasena_MasterData_Stock.stock_picking_type_manufacturing_505,seed_master_data_and_settings.company_jinasena_agricultural_machinery,warning,0,0,1,0.0,base.LKR,
mrp_bom_id_2116,1,normal,Jinasena_MasterData_Stock.product_template_axel_nut,1.0,uom.product_uom_unit,0,all_available,Jinasena_MasterData_Stock.stock_picking_type_manufacturing_505,seed_master_data_and_settings.company_jinasena_agricultural_machinery,warning,0,0,1,0.0,base.LKR,
mrp_bom_id_2117,1,normal,Jinasena_MasterData_Stock.product_template_bolt_for_blade,1.0,uom.product_uom_unit,0,all_available,Jinasena_MasterData_Stock.stock_picking_type_manufacturing_505,seed_master_data_and_settings.company_jinasena_agricultural_machinery,warning,0,0,1,0.0,base.LKR,
mrp_bom_id_2118,1,normal,Jinasena_MasterData_Stock.product_template_belt_guard_330071,1.0,uom.product_uom_unit,0,all_available,Jinasena_MasterData_Stock.stock_picking_type_manufacturing_505,seed_master_data_and_settings.company_jinasena_agricultural_machinery,warning,0,0,1,0.0,base.LKR,
mrp_bom_id_2119,1,normal,Jinasena_MasterData_Stock.product_template_clutch_lock_330072,1.0,uom.product_uom_unit,0,all_available,Jinasena_MasterData_Stock.stock_picking_type_manufacturing_505,seed_master_data_and_settings.company_jinasena_agricultural_machinery,warning,0,0,1,0.0,base.LKR,
mrp_bom_id_2120,1,normal,Jinasena_MasterData_Stock.product_template_belt_guard_supporter,1.0,uom.product_uom_unit,0,all_available,Jinasena_MasterData_Stock.stock_picking_type_manufacturing_505,seed_master_data_and_settings.company_jinasena_agricultural_machinery,warning,0,0,1,0.0,base.LKR,
mrp_bom_id_2121,1,normal,Jinasena_MasterData_Stock.product_template_lock_plate_330075,1.0,uom.product_uom_unit,0,all_available,Jinasena_MasterData_Stock.stock_picking_type_manufacturing_505,seed_master_data_and_settings.company_jinasena_agricultural_machinery,warning,0,0,1,0.0,base.LKR,
mrp_bom_id_2122,1,normal,Jinasena_MasterData_Stock.product_template_lock_plate_bush,1.0,uom.product_uom_unit,0,all_available,Jinasena_MasterData_Stock.stock_picking_type_manufacturing_505,seed_master_data_and_settings.company_jinasena_agricultural_machinery,warning,0,0,1,0.0,base.LKR,
mrp_bom_id_2123,1,normal,Jinasena_MasterData_Stock.product_template_belt_guard_support,1.0,uom.product_uom_unit,0,all_available,Jinasena_MasterData_Stock.stock_picking_type_manufacturing_505,seed_master_data_and_settings.company_jinasena_agricultural_machinery,warning,0,0,1,0.0,base.LKR,
mrp_bom_id_2124,1,normal,Jinasena_MasterData_Stock.product_template_belt_guard_support_2,1.0,uom.product_uom_unit,0,all_available,Jinasena_MasterData_Stock.stock_picking_type_manufacturing_505,seed_master_data_and_settings.company_jinasena_agricultural_machinery,warning,0,0,1,0.0,base.LKR,
mrp_bom_id_2125,1,normal,Jinasena_MasterData_Stock.product_template_clutch_handle,1.0,uom.product_uom_unit,0,all_available,Jinasena_MasterData_Stock.stock_picking_type_manufacturing_505,seed_master_data_and_settings.company_jinasena_agricultural_machinery,warning,0,0,1,0.0,base.LKR,
mrp_bom_id_2126,1,normal,Jinasena_MasterData_Stock.product_template_clutch_bush,1.0,uom.product_uom_unit,0,all_available,Jinasena_MasterData_Stock.stock_picking_type_manufacturing_505,seed_master_data_and_settings.company_jinasena_agricultural_machinery,warning,0,0,1,0.0,base.LKR,
mrp_bom_id_2127,1,normal,Jinasena_MasterData_Stock.product_template_clutch_rod_guard,1.0,uom.product_uom_unit,0,all_available,Jinasena_MasterData_Stock.stock_picking_type_manufacturing_505,seed_master_data_and_settings.company_jinasena_agricultural_machinery,warning,0,0,1,0.0,base.LKR,
mrp_bom_id_2128,1,normal,Jinasena_MasterData_Stock.product_template_clutch_bracket,1.0,uom.product_uom_unit,0,all_available,Jinasena_MasterData_Stock.stock_picking_type_manufacturing_505,seed_master_data_and_settings.company_jinasena_agricultural_machinery,warning,0,0,1,0.0,base.LKR,
mrp_bom_id_2129,1,normal,Jinasena_MasterData_Stock.product_template_clutch_spring,1.0,uom.product_uom_unit,0,all_available,Jinasena_MasterData_Stock.stock_picking_type_manufacturing_505,seed_master_data_and_settings.company_jinasena_agricultural_machinery,warning,0,0,1,0.0,base.LKR,
mrp_bom_id_2130,1,normal,Jinasena_MasterData_Stock.product_template_wheel_plate,1.0,uom.product_uom_unit,0,all_available,Jinasena_MasterData_Stock.stock_picking_type_manufacturing_505,seed_master_data_and_settings.company_jinasena_agricultural_machinery,warning,0,0,1,0.0,base.LKR,
mrp_bom_id_2131,1,normal,Jinasena_MasterData_Stock.product_template_wheel_spokes_330094,1.0,uom.product_uom_unit,0,all_available,Jinasena_MasterData_Stock.stock_picking_type_manufacturing_505,seed_master_data_and_settings.company_jinasena_agricultural_machinery,warning,0,0,1,0.0,base.LKR,
mrp_bom_id_2132,1,normal,Jinasena_MasterData_Stock.product_template_wheel_angle,1.0,uom.product_uom_unit,0,all_available,Jinasena_MasterData_Stock.stock_picking_type_manufacturing_505,seed_master_data_and_settings.company_jinasena_agricultural_machinery,warning,0,0,1,0.0,base.LKR,
mrp_bom_id_2133,1,normal,Jinasena_MasterData_Stock.product_template_wheel_outer_ribs,1.0,uom.product_uom_unit,0,all_available,Jinasena_MasterData_Stock.stock_picking_type_manufacturing_505,seed_master_data_and_settings.company_jinasena_agricultural_machinery,warning,0,0,1,0.0,base.LKR,
mrp_bom_id_2134,1,normal,Jinasena_MasterData_Stock.product_template_roto_slasher_gt_8,1.0,uom.product_uom_unit,0,all_available,Jinasena_MasterData_Stock.stock_picking_type_manufacturing_505,seed_master_data_and_settings.company_jinasena_agricultural_machinery,warning,0,0,1,0.0,base.LKR,
mrp_bom_id_2233,1,normal,Jinasena_MasterData_Stock.product_template_concave_jmc10dsp,1.0,uom.product_uom_unit,0,all_available,Jinasena_MasterData_Stock.stock_picking_type_manufacturing_760,seed_master_data_and_settings.company_jinasena_agricultural_machinery,warning,0,0,1,0.0,base.LKR,
mrp_bom_id_2236,1,normal,Jinasena_MasterData_Stock.product_template_stand_column_jmc6,1.0,uom.product_uom_unit,0,all_available,Jinasena_MasterData_Stock.stock_picking_type_manufacturing_760,seed_master_data_and_settings.company_jinasena_agricultural_machinery,warning,0,0,1,0.0,base.LKR,
mrp_bom_id_2239,1,normal,Jinasena_MasterData_Stock.product_template_rubber_guard_outlet,1.0,uom.product_uom_unit,0,all_available,Jinasena_MasterData_Stock.stock_picking_type_manufacturing_505,seed_master_data_and_settings.company_jinasena_agricultural_machinery,warning,0,0,1,0.0,base.LKR,
mrp_bom_id_2243,1,normal,Jinasena_MasterData_Stock.product_template_reinforcement_plate_1,1.0,uom.product_uom_unit,0,all_available,Jinasena_MasterData_Stock.stock_picking_type_manufacturing_760,seed_master_data_and_settings.company_jinasena_agricultural_machinery,warning,0,0,1,0.0,base.LKR,
mrp_bom_id_2244,1,normal,Jinasena_MasterData_Stock.product_template_concave_rib_2,1.0,uom.product_uom_unit,0,all_available,Jinasena_MasterData_Stock.stock_picking_type_manufacturing_760,seed_master_data_and_settings.company_jinasena_agricultural_machinery,warning,0,0,1,0.0,base.LKR,
mrp_bom_id_2245,1,normal,Jinasena_MasterData_Stock.product_template_concave_rib_3,1.0,uom.product_uom_unit,0,all_available,Jinasena_MasterData_Stock.stock_picking_type_manufacturing_760,seed_master_data_and_settings.company_jinasena_agricultural_machinery,warning,0,0,1,0.0,base.LKR,
mrp_bom_id_2246,1,normal,Jinasena_MasterData_Stock.product_template_hinge_bush_330704,1.0,uom.product_uom_unit,0,all_available,Jinasena_MasterData_Stock.stock_picking_type_manufacturing_760,seed_master_data_and_settings.company_jinasena_agricultural_machinery,warning,0,0,1,0.0,base.LKR,
mrp_bom_id_2247,1,normal,Jinasena_MasterData_Stock.product_template_hinge_pin_330705,1.0,uom.product_uom_unit,0,all_available,Jinasena_MasterData_Stock.stock_picking_type_manufacturing_760,seed_master_data_and_settings.company_jinasena_agricultural_machinery,warning,0,0,1,0.0,base.LKR,
mrp_bom_id_2248,1,normal,Jinasena_MasterData_Stock.product_template_pin_guide,1.0,uom.product_uom_unit,0,all_available,Jinasena_MasterData_Stock.stock_picking_type_manufacturing_760,seed_master_data_and_settings.company_jinasena_agricultural_machinery,warning,0,0,1,0.0,base.LKR,
mrp_bom_id_2249,1,normal,Jinasena_MasterData_Stock.product_template_ring_for_spring_mounting,1.0,uom.product_uom_unit,0,all_available,Jinasena_MasterData_Stock.stock_picking_type_manufacturing_760,seed_master_data_and_settings.company_jinasena_agricultural_machinery,warning,0,0,1,0.0,base.LKR,
mrp_bom_id_2250,1,normal,Jinasena_MasterData_Stock.product_template_spring_holding_mount,1.0,uom.product_uom_unit,0,all_available,Jinasena_MasterData_Stock.stock_picking_type_manufacturing_760,seed_master_data_and_settings.company_jinasena_agricultural_machinery,warning,0,0,1,0.0,base.LKR,
mrp_bom_id_2251,1,normal,Jinasena_MasterData_Stock.product_template_concave_cross_rib,1.0,uom.product_uom_unit,0,all_available,Jinasena_MasterData_Stock.stock_picking_type_manufacturing_760,seed_master_data_and_settings.company_jinasena_agricultural_machinery,warning,0,0,1,0.0,base.LKR,
mrp_bom_id_2252,1,normal,Jinasena_MasterData_Stock.product_template_brake_paddle,1.0,uom.product_uom_unit,0,all_available,Jinasena_MasterData_Stock.stock_picking_type_manufacturing_505,seed_master_data_and_settings.company_jinasena_agricultural_machinery,warning,0,0,1,0.0,base.LKR,
mrp_bom_id_2254,1,normal,Jinasena_MasterData_Stock.product_template_agrimec_compost_making_machine_f,1.0,uom.product_uom_unit,0,all_available,Jinasena_MasterData_Stock.stock_picking_type_manufacturing_505,seed_master_data_and_settings.company_jinasena_agricultural_machinery,warning,0,0,1,0.0,base.LKR,2025-07-15 04:47:28
mrp_bom_id_2274,1,normal,Jinasena_MasterData_Stock.product_template_motor_base_frame_multi_chopper,1.0,uom.product_uom_unit,0,all_available,Jinasena_MasterData_Stock.stock_picking_type_manufacturing_760,seed_master_data_and_settings.company_jinasena_agricultural_machinery,warning,0,0,1,0.0,base.LKR,
mrp_bom_id_2281,1,normal,Jinasena_MasterData_Stock.product_template_sieve_plate,1.0,uom.product_uom_unit,0,all_available,Jinasena_MasterData_Stock.stock_picking_type_manufacturing_760,seed_master_data_and_settings.company_jinasena_agricultural_machinery,warning,0,0,1,0.0,base.LKR,
mrp_bom_id_2282,1,normal,Jinasena_MasterData_Stock.product_template_sieve_bracket_1,1.0,uom.product_uom_unit,0,all_available,Jinasena_MasterData_Stock.stock_picking_type_manufacturing_760,seed_master_data_and_settings.company_jinasena_agricultural_machinery,warning,0,0,1,0.0,base.LKR,
mrp_bom_id_2284,1,normal,Jinasena_MasterData_Stock.product_template_multi_chopper_couple_10hp_motor,1.0,uom.product_uom_unit,0,all_available,Jinasena_MasterData_Stock.stock_picking_type_manufacturing_505,seed_master_data_and_settings.company_jinasena_agricultural_machinery,warning,0,0,1,0.0,base.LKR,
mrp_bom_id_3090,1,normal,Jinasena_MasterData_Stock.product_template_final_assembly_15hp,1.0,uom.product_uom_unit,0,all_available,Jinasena_MasterData_Stock.stock_picking_type_manufacturing_760,seed_master_data_and_settings.company_jinasena_agricultural_machinery,warning,0,0,1,0.0,base.LKR,
mrp_bom_id_3092,1,normal,Jinasena_MasterData_Stock.product_template_frame_assy_jmc25_15_hp,1.0,uom.product_uom_unit,0,all_available,Jinasena_MasterData_Stock.stock_picking_type_manufacturing_760,seed_master_data_and_settings.company_jinasena_agricultural_machinery,warning,0,0,1,0.0,base.LKR,
mrp_bom_id_3178,1,normal,Jinasena_MasterData_Stock.product_template_hopper_assembly,1.0,uom.product_uom_unit,0,all_available,Jinasena_MasterData_Stock.stock_picking_type_manufacturing_760,seed_master_data_and_settings.company_jinasena_agricultural_machinery,warning,0,0,1,0.0,base.LKR,
mrp_bom_id_3317,1,normal,Jinasena_MasterData_Stock.product_template_multichopper_couple_15hp_motor,1.0,uom.product_uom_unit,0,all_available,Jinasena_MasterData_Stock.stock_picking_type_manufacturing_505,seed_master_data_and_settings.company_jinasena_agricultural_machinery,warning,0,0,1,0.0,base.LKR,
mrp_bom_id_3320,1,normal,Jinasena_MasterData_Stock.product_template_basic_assy_m_chopper_15hp,1.0,uom.product_uom_unit,0,all_available,Jinasena_MasterData_Stock.stock_picking_type_manufacturing_505,seed_master_data_and_settings.company_jinasena_agricultural_machinery,warning,0,0,1,0.0,base.LKR,
mrp_bom_id_3383,1,normal,Jinasena_MasterData_Stock.product_template_hopper_rainfocement,1.0,uom.product_uom_unit,0,all_available,Jinasena_MasterData_Stock.stock_picking_type_manufacturing_760,seed_master_data_and_settings.company_jinasena_agricultural_machinery,warning,0,0,1,0.0,base.LKR,
mrp_bom_id_3384,1,normal,Jinasena_MasterData_Stock.product_template_leg,1.0,uom.product_uom_unit,0,all_available,Jinasena_MasterData_Stock.stock_picking_type_manufacturing_760,seed_master_data_and_settings.company_jinasena_agricultural_machinery,warning,0,0,1,0.0,base.LKR,
mrp_bom_id_3385,1,normal,Jinasena_MasterData_Stock.product_template_leg_base,1.0,uom.product_uom_unit,0,all_available,Jinasena_MasterData_Stock.stock_picking_type_manufacturing_760,seed_master_data_and_settings.company_jinasena_agricultural_machinery,warning,0,0,1,0.0,base.LKR,
mrp_bom_id_3389,1,normal,Jinasena_MasterData_Stock.product_template_drum_bush_330581,1.0,uom.product_uom_unit,0,all_available,Jinasena_MasterData_Stock.stock_picking_type_manufacturing_760,seed_master_data_and_settings.company_jinasena_agricultural_machinery,warning,0,0,1,0.0,base.LKR,
mrp_bom_id_3393,1,normal,Jinasena_MasterData_Stock.product_template_key,1.0,uom.product_uom_unit,0,all_available,Jinasena_MasterData_Stock.stock_picking_type_manufacturing_760,seed_master_data_and_settings.company_jinasena_agricultural_machinery,warning,0,0,1,0.0,base.LKR,
mrp_bom_id_3398,1,normal,Jinasena_MasterData_Stock.product_template_s_hopper_plate_2,1.0,uom.product_uom_unit,0,all_available,Jinasena_MasterData_Stock.stock_picking_type_manufacturing_760,seed_master_data_and_settings.company_jinasena_agricultural_machinery,warning,0,0,1,0.0,base.LKR,
mrp_bom_id_3400,1,normal,Jinasena_MasterData_Stock.product_template_s_hopper_fixing_plate_2,1.0,uom.product_uom_unit,0,all_available,Jinasena_MasterData_Stock.stock_picking_type_manufacturing_760,seed_master_data_and_settings.company_jinasena_agricultural_machinery,warning,0,0,1,0.0,base.LKR,
mrp_bom_id_3403,1,normal,Jinasena_MasterData_Stock.product_template_padel,1.0,uom.product_uom_unit,0,all_available,Jinasena_MasterData_Stock.stock_picking_type_manufacturing_760,seed_master_data_and_settings.company_jinasena_agricultural_machinery,warning,0,0,1,0.0,base.LKR,
mrp_bom_id_3406,1,normal,Jinasena_MasterData_Stock.product_template_padel_arm,1.0,uom.product_uom_unit,0,all_available,Jinasena_MasterData_Stock.stock_picking_type_manufacturing_760,seed_master_data_and_settings.company_jinasena_agricultural_machinery,warning,0,0,1,0.0,base.LKR,
mrp_bom_id_3425,1,normal,Jinasena_MasterData_Stock.product_template_rubber_guard_bracket_1,1.0,uom.product_uom_unit,0,all_available,Jinasena_MasterData_Stock.stock_picking_type_manufacturing_760,seed_master_data_and_settings.company_jinasena_agricultural_machinery,warning,0,0,1,0.0,base.LKR,
mrp_bom_id_3435,1,normal,Jinasena_MasterData_Stock.product_template_drum_circular_plate,1.0,uom.product_uom_unit,0,all_available,Jinasena_MasterData_Stock.stock_picking_type_manufacturing_760,seed_master_data_and_settings.company_jinasena_agricultural_machinery,warning,0,0,1,0.0,base.LKR,
mrp_bom_id_3545,1,normal,Jinasena_MasterData_Stock.product_template_cover_plate_3,1.0,uom.product_uom_unit,0,all_available,Jinasena_MasterData_Stock.stock_picking_type_manufacturing_760,seed_master_data_and_settings.company_jinasena_agricultural_machinery,warning,0,0,1,0.0,base.LKR,
mrp_bom_id_3556,1,normal,Jinasena_MasterData_Stock.product_template_pulley_lock_washer,1.0,uom.product_uom_unit,0,all_available,Jinasena_MasterData_Stock.stock_picking_type_manufacturing_760,seed_master_data_and_settings.company_jinasena_agricultural_machinery,warning,0,0,1,0.0,base.LKR,
mrp_bom_id_3568,1,normal,Jinasena_MasterData_Stock.product_template_cocave_rib_rainforcement,1.0,uom.product_uom_unit,0,all_available,Jinasena_MasterData_Stock.stock_picking_type_manufacturing_760,seed_master_data_and_settings.company_jinasena_agricultural_machinery,warning,0,0,1,0.0,base.LKR,
mrp_bom_id_3569,1,normal,Jinasena_MasterData_Stock.product_template_concave_rib,1.0,uom.product_uom_unit,0,all_available,Jinasena_MasterData_Stock.stock_picking_type_manufacturing_760,seed_master_data_and_settings.company_jinasena_agricultural_machinery,warning,0,0,1,0.0,base.LKR,
mrp_bom_id_3573,1,normal,Jinasena_MasterData_Stock.product_template_cocave_hinge_pin,1.0,uom.product_uom_unit,0,all_available,Jinasena_MasterData_Stock.stock_picking_type_manufacturing_760,seed_master_data_and_settings.company_jinasena_agricultural_machinery,warning,0,0,1,0.0,base.LKR,
mrp_bom_id_3576,1,normal,Jinasena_MasterData_Stock.product_template_rubber_guard_bracket_renfcement,1.0,uom.product_uom_unit,0,all_available,Jinasena_MasterData_Stock.stock_picking_type_manufacturing_760,seed_master_data_and_settings.company_jinasena_agricultural_machinery,warning,0,0,1,0.0,base.LKR,
mrp_bom_id_3577,1,normal,Jinasena_MasterData_Stock.product_template_base_angle_l_r,1.0,uom.product_uom_unit,0,all_available,Jinasena_MasterData_Stock.stock_picking_type_manufacturing_760,seed_master_data_and_settings.company_jinasena_agricultural_machinery,warning,0,0,1,0.0,base.LKR,
mrp_bom_id_3578,1,normal,Jinasena_MasterData_Stock.product_template_base_angle_fr_bk,1.0,uom.product_uom_unit,0,all_available,Jinasena_MasterData_Stock.stock_picking_type_manufacturing_760,seed_master_data_and_settings.company_jinasena_agricultural_machinery,warning,0,0,1,0.0,base.LKR,
mrp_bom_id_3581,1,normal,Jinasena_MasterData_Stock.product_template_belt_cover_1,1.0,uom.product_uom_unit,0,all_available,Jinasena_MasterData_Stock.stock_picking_type_manufacturing_760,seed_master_data_and_settings.company_jinasena_agricultural_machinery,warning,0,0,1,0.0,base.LKR,
mrp_bom_id_3586,1,normal,Jinasena_MasterData_Stock.product_template_sieve_plate_assy_for_jmc16_hp,1.0,uom.product_uom_unit,0,all_available,Jinasena_MasterData_Stock.stock_picking_type_manufacturing_505,seed_master_data_and_settings.company_jinasena_agricultural_machinery,warning,0,0,1,0.0,base.LKR,
mrp_bom_id_3587,1,normal,Jinasena_MasterData_Stock.product_template_multychopper_15_hp_with_fixed_blade,1.0,uom.product_uom_unit,0,all_available,Jinasena_MasterData_Stock.stock_picking_type_manufacturing_505,seed_master_data_and_settings.company_jinasena_agricultural_machinery,warning,0,0,1,0.0,base.LKR,
mrp_bom_id_3825,1,normal,Jinasena_MasterData_Stock.product_template_drum_with_fixed_blade_jmc15,1.0,uom.product_uom_unit,0,all_available,Jinasena_MasterData_Stock.stock_picking_type_manufacturing_760,seed_master_data_and_settings.company_jinasena_agricultural_machinery,warning,0,0,1,0.0,base.LKR,
mrp_bom_id_3828,1,normal,Jinasena_MasterData_Stock.product_template_engine_base_assembly,1.0,uom.product_uom_unit,0,all_available,Jinasena_MasterData_Stock.stock_picking_type_manufacturing_760,seed_master_data_and_settings.company_jinasena_agricultural_machinery,warning,0,0,1,0.0,base.LKR,
mrp_bom_id_3829,1,normal,Jinasena_MasterData_Stock.product_template_final_assebmly_jmc16d,1.0,uom.product_uom_unit,0,all_available,Jinasena_MasterData_Stock.stock_picking_type_manufacturing_760,seed_master_data_and_settings.company_jinasena_agricultural_machinery,warning,0,0,1,0.0,base.LKR,
mrp_bom_id_3842,1,normal,Jinasena_MasterData_Stock.product_template_drum_shaft_330585,1.0,uom.product_uom_unit,0,all_available,Jinasena_MasterData_Stock.stock_picking_type_manufacturing_760,seed_master_data_and_settings.company_jinasena_agricultural_machinery,warning,0,0,1,0.0,base.LKR,
mrp_bom_id_3859,1,normal,Jinasena_MasterData_Stock.product_template_cocave_hinge_bush,1.0,uom.product_uom_unit,0,all_available,Jinasena_MasterData_Stock.stock_picking_type_manufacturing_760,seed_master_data_and_settings.company_jinasena_agricultural_machinery,warning,0,0,1,0.0,base.LKR,
mrp_bom_id_3861,1,normal,Jinasena_MasterData_Stock.product_template_engine_mount,1.0,uom.product_uom_unit,0,all_available,Jinasena_MasterData_Stock.stock_picking_type_manufacturing_760,seed_master_data_and_settings.company_jinasena_agricultural_machinery,warning,0,0,1,0.0,base.LKR,
mrp_bom_id_3862,1,normal,Jinasena_MasterData_Stock.product_template_main_base_member_4,1.0,uom.product_uom_unit,0,all_available,Jinasena_MasterData_Stock.stock_picking_type_manufacturing_760,seed_master_data_and_settings.company_jinasena_agricultural_machinery,warning,0,0,1,0.0,base.LKR,
mrp_bom_id_3863,1,normal,Jinasena_MasterData_Stock.product_template_main_base_member_5,1.0,uom.product_uom_unit,0,all_available,Jinasena_MasterData_Stock.stock_picking_type_manufacturing_760,seed_master_data_and_settings.company_jinasena_agricultural_machinery,warning,0,0,1,0.0,base.LKR,
mrp_bom_id_3864,1,normal,Jinasena_MasterData_Stock.product_template_pulling_screw_for_belt_tention,1.0,uom.product_uom_unit,0,all_available,Jinasena_MasterData_Stock.stock_picking_type_manufacturing_760,seed_master_data_and_settings.company_jinasena_agricultural_machinery,warning,0,0,1,0.0,base.LKR,
mrp_bom_id_3866,1,normal,Jinasena_MasterData_Stock.product_template_separate_plate,1.0,uom.product_uom_unit,0,all_available,Jinasena_MasterData_Stock.stock_picking_type_manufacturing_760,seed_master_data_and_settings.company_jinasena_agricultural_machinery,warning,0,0,1,0.0,base.LKR,
mrp_bom_id_3868,1,normal,Jinasena_MasterData_Stock.product_template_main_base_member_1,1.0,uom.product_uom_unit,0,all_available,Jinasena_MasterData_Stock.stock_picking_type_manufacturing_760,seed_master_data_and_settings.company_jinasena_agricultural_machinery,warning,0,0,1,0.0,base.LKR,
mrp_bom_id_3869,1,normal,Jinasena_MasterData_Stock.product_template_main_base_member_2,1.0,uom.product_uom_unit,0,all_available,Jinasena_MasterData_Stock.stock_picking_type_manufacturing_760,seed_master_data_and_settings.company_jinasena_agricultural_machinery,warning,0,0,1,0.0,base.LKR,
mrp_bom_id_3870,1,normal,Jinasena_MasterData_Stock.product_template_main_base_member_3,1.0,uom.product_uom_unit,0,all_available,Jinasena_MasterData_Stock.stock_picking_type_manufacturing_760,seed_master_data_and_settings.company_jinasena_agricultural_machinery,warning,0,0,1,0.0,base.LKR,
mrp_bom_id_3872,1,normal,Jinasena_MasterData_Stock.product_template_rubber_guard_bracket_2,1.0,uom.product_uom_unit,0,all_available,Jinasena_MasterData_Stock.stock_picking_type_manufacturing_760,seed_master_data_and_settings.company_jinasena_agricultural_machinery,warning,0,0,1,0.0,base.LKR,
mrp_bom_id_3874,1,normal,Jinasena_MasterData_Stock.product_template_chain_adjustment_holder,1.0,uom.product_uom_unit,0,all_available,Jinasena_MasterData_Stock.stock_picking_type_manufacturing_760,seed_master_data_and_settings.company_jinasena_agricultural_machinery,warning,0,0,1,0.0,base.LKR,
mrp_bom_id_3875,1,normal,Jinasena_MasterData_Stock.product_template_belt_guard_bracket,1.0,uom.product_uom_unit,0,all_available,Jinasena_MasterData_Stock.stock_picking_type_manufacturing_760,seed_master_data_and_settings.company_jinasena_agricultural_machinery,warning,0,0,1,0.0,base.LKR,
mrp_bom_id_3877,1,normal,Jinasena_MasterData_Stock.product_template_belt_cover_2,1.0,uom.product_uom_unit,0,all_available,Jinasena_MasterData_Stock.stock_picking_type_manufacturing_760,seed_master_data_and_settings.company_jinasena_agricultural_machinery,warning,0,0,1,0.0,base.LKR,
mrp_bom_id_3878,1,normal,Jinasena_MasterData_Stock.product_template_side_plate_330646,1.0,uom.product_uom_unit,0,all_available,Jinasena_MasterData_Stock.stock_picking_type_manufacturing_760,seed_master_data_and_settings.company_jinasena_agricultural_machinery,warning,0,0,1,0.0,base.LKR,
mrp_bom_id_3880,1,normal,Jinasena_MasterData_Stock.product_template_cutter_blade_guide_plate,1.0,uom.product_uom_unit,0,all_available,Jinasena_MasterData_Stock.stock_picking_type_manufacturing_760,seed_master_data_and_settings.company_jinasena_agricultural_machinery,warning,0,0,1,0.0,base.LKR,
mrp_bom_id_3882,1,normal,Jinasena_MasterData_Stock.product_template_multi_chopper_w_16hp_swan_engine,1.0,uom.product_uom_unit,0,all_available,Jinasena_MasterData_Stock.stock_picking_type_manufacturing_505,seed_master_data_and_settings.company_jinasena_agricultural_machinery,warning,0,0,1,0.0,base.LKR,
mrp_bom_id_4016,1,normal,Jinasena_MasterData_Stock.product_template_cover_plate_lower,1.0,uom.product_uom_unit,0,all_available,Jinasena_MasterData_Stock.stock_picking_type_manufacturing_760,seed_master_data_and_settings.company_jinasena_agricultural_machinery,warning,0,0,1,0.0,base.LKR,
mrp_bom_id_4017,1,normal,Jinasena_MasterData_Stock.product_template_rubber_guard_hanging_bracket,1.0,uom.product_uom_unit,0,all_available,Jinasena_MasterData_Stock.stock_picking_type_manufacturing_760,seed_master_data_and_settings.company_jinasena_agricultural_machinery,warning,0,0,1,0.0,base.LKR,
mrp_bom_id_4020,1,normal,Jinasena_MasterData_Stock.product_template_blade_hanging_pin_3,1.0,uom.product_uom_unit,0,all_available,Jinasena_MasterData_Stock.stock_picking_type_manufacturing_760,seed_master_data_and_settings.company_jinasena_agricultural_machinery,warning,0,0,1,0.0,base.LKR,
mrp_bom_id_4024,1,normal,Jinasena_MasterData_Stock.product_template_t_hoppet_plate_1,1.0,uom.product_uom_unit,0,all_available,Jinasena_MasterData_Stock.stock_picking_type_manufacturing_760,seed_master_data_and_settings.company_jinasena_agricultural_machinery,warning,0,0,1,0.0,base.LKR,
mrp_bom_id_4027,1,normal,Jinasena_MasterData_Stock.product_template_s_hopper_plate_1,1.0,uom.product_uom_unit,0,all_available,Jinasena_MasterData_Stock.stock_picking_type_manufacturing_760,seed_master_data_and_settings.company_jinasena_agricultural_machinery,warning,0,0,1,0.0,base.LKR,
mrp_bom_id_4029,1,normal,Jinasena_MasterData_Stock.product_template_s_hopper_plate_fixing_plate_1,1.0,uom.product_uom_unit,0,all_available,Jinasena_MasterData_Stock.stock_picking_type_manufacturing_760,seed_master_data_and_settings.company_jinasena_agricultural_machinery,warning,0,0,1,0.0,base.LKR,
mrp_bom_id_4031,1,normal,Jinasena_MasterData_Stock.product_template_s_hopper_fixing_plate_3,1.0,uom.product_uom_unit,0,all_available,Jinasena_MasterData_Stock.stock_picking_type_manufacturing_760,seed_master_data_and_settings.company_jinasena_agricultural_machinery,warning,0,0,1,0.0,base.LKR,
mrp_bom_id_4032,1,normal,Jinasena_MasterData_Stock.product_template_concave_plate,1.0,uom.product_uom_unit,0,all_available,Jinasena_MasterData_Stock.stock_picking_type_manufacturing_760,seed_master_data_and_settings.company_jinasena_agricultural_machinery,warning,0,0,1,0.0,base.LKR,
mrp_bom_id_4038,1,normal,Jinasena_MasterData_Stock.product_template_padel_arm_rainfocement,1.0,uom.product_uom_unit,0,all_available,Jinasena_MasterData_Stock.stock_picking_type_manufacturing_760,seed_master_data_and_settings.company_jinasena_agricultural_machinery,warning,0,0,1,0.0,base.LKR,
mrp_bom_id_4045,1,normal,Jinasena_MasterData_Stock.product_template_pulling_rod_guide,1.0,uom.product_uom_unit,0,all_available,Jinasena_MasterData_Stock.stock_picking_type_manufacturing_760,seed_master_data_and_settings.company_jinasena_agricultural_machinery,warning,0,0,1,0.0,base.LKR,
mrp_bom_id_4047,1,normal,Jinasena_MasterData_Stock.product_template_base_plate,1.0,uom.product_uom_unit,0,all_available,Jinasena_MasterData_Stock.stock_picking_type_manufacturing_760,seed_master_data_and_settings.company_jinasena_agricultural_machinery,warning,0,0,1,0.0,base.LKR,
mrp_bom_id_4062,1,normal,Jinasena_MasterData_Stock.product_template_multi_chopper_w_16hp_swan_engine_with_fi,1.0,uom.product_uom_unit,0,all_available,Jinasena_MasterData_Stock.stock_picking_type_manufacturing_505,seed_master_data_and_settings.company_jinasena_agricultural_machinery,warning,0,0,1,0.0,base.LKR,
mrp_bom_id_4162,1,normal,Jinasena_MasterData_Stock.product_template_drum_assy_jmc25_15_hp,1.0,uom.product_uom_unit,0,all_available,Jinasena_MasterData_Stock.stock_picking_type_manufacturing_760,seed_master_data_and_settings.company_jinasena_agricultural_machinery,warning,0,0,1,0.0,base.LKR,
mrp_bom_id_4166,1,normal,Jinasena_MasterData_Stock.product_template_concave_assy_jmc25_15_hp,1.0,uom.product_uom_unit,0,all_available,Jinasena_MasterData_Stock.stock_picking_type_manufacturing_760,seed_master_data_and_settings.company_jinasena_agricultural_machinery,warning,0,0,1,0.0,base.LKR,
mrp_bom_id_4167,1,normal,Jinasena_MasterData_Stock.product_template_hopper_assy_jmc25_15_hp,1.0,uom.product_uom_unit,0,all_available,Jinasena_MasterData_Stock.stock_picking_type_manufacturing_760,seed_master_data_and_settings.company_jinasena_agricultural_machinery,warning,0,0,1,0.0,base.LKR,
mrp_bom_id_4168,1,normal,Jinasena_MasterData_Stock.product_template_motor_base_assy_jmc25_15_hp,1.0,uom.product_uom_unit,0,all_available,Jinasena_MasterData_Stock.stock_picking_type_manufacturing_760,seed_master_data_and_settings.company_jinasena_agricultural_machinery,warning,0,0,1,0.0,base.LKR,
mrp_bom_id_4251,1,normal,Jinasena_MasterData_Stock.product_template_cover_plate_1,1.0,uom.product_uom_unit,0,all_available,Jinasena_MasterData_Stock.stock_picking_type_manufacturing_760,seed_master_data_and_settings.company_jinasena_agricultural_machinery,warning,0,0,1,0.0,base.LKR,
mrp_bom_id_4252,1,normal,Jinasena_MasterData_Stock.product_template_cover_plate_2,1.0,uom.product_uom_unit,0,all_available,Jinasena_MasterData_Stock.stock_picking_type_manufacturing_760,seed_master_data_and_settings.company_jinasena_agricultural_machinery,warning,0,0,1,0.0,base.LKR,
mrp_bom_id_4254,1,normal,Jinasena_MasterData_Stock.product_template_cover_plate_4,1.0,uom.product_uom_unit,0,all_available,Jinasena_MasterData_Stock.stock_picking_type_manufacturing_760,seed_master_data_and_settings.company_jinasena_agricultural_machinery,warning,0,0,1,0.0,base.LKR,
mrp_bom_id_4260,1,normal,Jinasena_MasterData_Stock.product_template_square_separate_plate,1.0,uom.product_uom_unit,0,all_available,Jinasena_MasterData_Stock.stock_picking_type_manufacturing_760,seed_master_data_and_settings.company_jinasena_agricultural_machinery,warning,0,0,1,0.0,base.LKR,
mrp_bom_id_4262,1,normal,Jinasena_MasterData_Stock.product_template_spacer_2,1.0,uom.product_uom_unit,0,all_available,Jinasena_MasterData_Stock.stock_picking_type_manufacturing_760,seed_master_data_and_settings.company_jinasena_agricultural_machinery,warning,0,0,1,0.0,base.LKR,
mrp_bom_id_4266,1,normal,Jinasena_MasterData_Stock.product_template_hanging_blade,1.0,uom.product_uom_unit,0,all_available,Jinasena_MasterData_Stock.stock_picking_type_manufacturing_760,seed_master_data_and_settings.company_jinasena_agricultural_machinery,warning,0,0,1,0.0,base.LKR,
mrp_bom_id_4270,1,normal,Jinasena_MasterData_Stock.product_template_t_hopper_plate_3,1.0,uom.product_uom_unit,0,all_available,Jinasena_MasterData_Stock.stock_picking_type_manufacturing_760,seed_master_data_and_settings.company_jinasena_agricultural_machinery,warning,0,0,1,0.0,base.LKR,
mrp_bom_id_4296,1,normal,Jinasena_MasterData_Stock.product_template_basic_assy_m_chopper_25hp,1.0,uom.product_uom_unit,0,all_available,Jinasena_MasterData_Stock.stock_picking_type_manufacturing_505,seed_master_data_and_settings.company_jinasena_agricultural_machinery,warning,0,0,1,0.0,base.LKR,
mrp_bom_id_4297,1,normal,Jinasena_MasterData_Stock.product_template_multi_chooper_with_25hp_motor,1.0,uom.product_uom_unit,0,all_available,Jinasena_MasterData_Stock.stock_picking_type_manufacturing_505,seed_master_data_and_settings.company_jinasena_agricultural_machinery,warning,0,0,1,0.0,base.LKR,
mrp_bom_id_4330,1,normal,Jinasena_MasterData_Stock.product_template_tractor_braket_angle_2,1.0,uom.product_uom_unit,0,all_available,Jinasena_MasterData_Stock.stock_picking_type_manufacturing_760,seed_master_data_and_settings.company_jinasena_agricultural_machinery,warning,0,0,1,0.0,base.LKR,
mrp_bom_id_4331,1,normal,Jinasena_MasterData_Stock.product_template_tractor_bracket_reinforcement,1.0,uom.product_uom_unit,0,all_available,Jinasena_MasterData_Stock.stock_picking_type_manufacturing_760,seed_master_data_and_settings.company_jinasena_agricultural_machinery,warning,0,0,1,0.0,base.LKR,
mrp_bom_id_4334,1,normal,Jinasena_MasterData_Stock.product_template_adjuster_bush_plate,1.0,uom.product_uom_unit,0,all_available,Jinasena_MasterData_Stock.stock_picking_type_manufacturing_760,seed_master_data_and_settings.company_jinasena_agricultural_machinery,warning,0,0,1,0.0,base.LKR,
mrp_bom_id_4343,1,normal,Jinasena_MasterData_Stock.product_template_stand_base_330683,1.0,uom.product_uom_unit,0,all_available,Jinasena_MasterData_Stock.stock_picking_type_manufacturing_760,seed_master_data_and_settings.company_jinasena_agricultural_machinery,warning,0,0,1,0.0,base.LKR,
mrp_bom_id_4344,1,normal,Jinasena_MasterData_Stock.product_template_tractor_bracket_fixing_f_i,1.0,uom.product_uom_unit,0,all_available,Jinasena_MasterData_Stock.stock_picking_type_manufacturing_760,seed_master_data_and_settings.company_jinasena_agricultural_machinery,warning,0,0,1,0.0,base.LKR,
mrp_bom_id_4345,1,normal,Jinasena_MasterData_Stock.product_template_tractor_bracket_fixing_a_i,1.0,uom.product_uom_unit,0,all_available,Jinasena_MasterData_Stock.stock_picking_type_manufacturing_760,seed_master_data_and_settings.company_jinasena_agricultural_machinery,warning,0,0,1,0.0,base.LKR,
mrp_bom_id_4346,1,normal,Jinasena_MasterData_Stock.product_template_basic_multi_chopper,1.0,uom.product_uom_unit,0,all_available,Jinasena_MasterData_Stock.stock_picking_type_manufacturing_760,seed_master_data_and_settings.company_jinasena_agricultural_machinery,warning,0,0,1,0.0,base.LKR,
mrp_bom_id_4385,1,normal,Jinasena_MasterData_Stock.product_template_hopper_assembly_of_mini_m_chop,1.0,uom.product_uom_unit,0,all_available,Jinasena_MasterData_Stock.stock_picking_type_manufacturing_760,seed_master_data_and_settings.company_jinasena_agricultural_machinery,warning,0,0,1,0.0,base.LKR,
mrp_bom_id_4386,1,normal,Jinasena_MasterData_Stock.product_template_chopping_spindle_ss,1.0,uom.product_uom_unit,0,all_available,Jinasena_MasterData_Stock.stock_picking_type_manufacturing_760,seed_master_data_and_settings.company_jinasena_agricultural_machinery,warning,0,0,1,0.0,base.LKR,
mrp_bom_id_4387,1,normal,Jinasena_MasterData_Stock.product_template_legs_capacitor_box_assembly,1.0,uom.product_uom_unit,0,all_available,Jinasena_MasterData_Stock.stock_picking_type_manufacturing_760,seed_master_data_and_settings.company_jinasena_agricultural_machinery,warning,0,0,1,0.0,base.LKR,
mrp_bom_id_4389,1,normal,Jinasena_MasterData_Stock.product_template_hopper_plate_1_330763,1.0,uom.product_uom_unit,0,all_available,Jinasena_MasterData_Stock.stock_picking_type_manufacturing_760,seed_master_data_and_settings.company_jinasena_agricultural_machinery,warning,0,0,1,0.0,base.LKR,
mrp_bom_id_4390,1,normal,Jinasena_MasterData_Stock.product_template_hopper_plate_2_330765,1.0,uom.product_uom_unit,0,all_available,Jinasena_MasterData_Stock.stock_picking_type_manufacturing_760,seed_master_data_and_settings.company_jinasena_agricultural_machinery,warning,0,0,1,0.0,base.LKR,
mrp_bom_id_4391,1,normal,Jinasena_MasterData_Stock.product_template_hopper_plate_3_330767,1.0,uom.product_uom_unit,0,all_available,Jinasena_MasterData_Stock.stock_picking_type_manufacturing_760,seed_master_data_and_settings.company_jinasena_agricultural_machinery,warning,0,0,1,0.0,base.LKR,
mrp_bom_id_4393,1,normal,Jinasena_MasterData_Stock.product_template_feeding_guide_330771,1.0,uom.product_uom_unit,0,all_available,Jinasena_MasterData_Stock.stock_picking_type_manufacturing_760,seed_master_data_and_settings.company_jinasena_agricultural_machinery,warning,0,0,1,0.0,base.LKR,
mrp_bom_id_4397,1,normal,Jinasena_MasterData_Stock.product_template_top_unit_hinge_bracket_ss,1.0,uom.product_uom_unit,0,all_available,Jinasena_MasterData_Stock.stock_picking_type_manufacturing_760,seed_master_data_and_settings.company_jinasena_agricultural_machinery,warning,0,0,1,0.0,base.LKR,
mrp_bom_id_4398,1,normal,Jinasena_MasterData_Stock.product_template_blade_shield_cover_plate_ss,1.0,uom.product_uom_unit,0,all_available,Jinasena_MasterData_Stock.stock_picking_type_manufacturing_760,seed_master_data_and_settings.company_jinasena_agricultural_machinery,warning,0,0,1,0.0,base.LKR,
mrp_bom_id_4399,1,normal,Jinasena_MasterData_Stock.product_template_sliding_cover_ss,1.0,uom.product_uom_unit,0,all_available,Jinasena_MasterData_Stock.stock_picking_type_manufacturing_760,seed_master_data_and_settings.company_jinasena_agricultural_machinery,warning,0,0,1,0.0,base.LKR,
mrp_bom_id_4402,1,normal,Jinasena_MasterData_Stock.product_template_blade_hopper_plate_ss,1.0,uom.product_uom_unit,0,all_available,Jinasena_MasterData_Stock.stock_picking_type_manufacturing_760,seed_master_data_and_settings.company_jinasena_agricultural_machinery,warning,0,0,1,0.0,base.LKR,
mrp_bom_id_4403,1,normal,Jinasena_MasterData_Stock.product_template_blade_holding_pin_ss,1.0,uom.product_uom_unit,0,all_available,Jinasena_MasterData_Stock.stock_picking_type_manufacturing_760,seed_master_data_and_settings.company_jinasena_agricultural_machinery,warning,0,0,1,0.0,base.LKR,
mrp_bom_id_4404,1,normal,Jinasena_MasterData_Stock.product_template_rotating_disc_ss,1.0,uom.product_uom_unit,0,all_available,Jinasena_MasterData_Stock.stock_picking_type_manufacturing_760,seed_master_data_and_settings.company_jinasena_agricultural_machinery,warning,0,0,1,0.0,base.LKR,
mrp_bom_id_4405,1,normal,Jinasena_MasterData_Stock.product_template_spindle_shaft_1_25mm_ss,1.0,uom.product_uom_unit,0,all_available,Jinasena_MasterData_Stock.stock_picking_type_manufacturing_760,seed_master_data_and_settings.company_jinasena_agricultural_machinery,warning,0,0,1,0.0,base.LKR,
mrp_bom_id_4407,1,normal,Jinasena_MasterData_Stock.product_template_lock_hinge_bush,1.0,uom.product_uom_unit,0,all_available,Jinasena_MasterData_Stock.stock_picking_type_manufacturing_760,seed_master_data_and_settings.company_jinasena_agricultural_machinery,warning,0,0,1,0.0,base.LKR,
mrp_bom_id_4408,1,normal,Jinasena_MasterData_Stock.product_template_lock_hinge_fix_plate,1.0,uom.product_uom_unit,0,all_available,Jinasena_MasterData_Stock.stock_picking_type_manufacturing_760,seed_master_data_and_settings.company_jinasena_agricultural_machinery,warning,0,0,1,0.0,base.LKR,
mrp_bom_id_4411,1,normal,Jinasena_MasterData_Stock.product_template_leg_1,1.0,uom.product_uom_unit,0,all_available,Jinasena_MasterData_Stock.stock_picking_type_manufacturing_760,seed_master_data_and_settings.company_jinasena_agricultural_machinery,warning,0,0,1,0.0,base.LKR,
mrp_bom_id_4412,1,normal,Jinasena_MasterData_Stock.product_template_leg_2,1.0,uom.product_uom_unit,0,all_available,Jinasena_MasterData_Stock.stock_picking_type_manufacturing_760,seed_master_data_and_settings.company_jinasena_agricultural_machinery,warning,0,0,1,0.0,base.LKR,
mrp_bom_id_4413,1,normal,Jinasena_MasterData_Stock.product_template_leg_2_re_inforcement,1.0,uom.product_uom_unit,0,all_available,Jinasena_MasterData_Stock.stock_picking_type_manufacturing_760,seed_master_data_and_settings.company_jinasena_agricultural_machinery,warning,0,0,1,0.0,base.LKR,
mrp_bom_id_4414,1,normal,Jinasena_MasterData_Stock.product_template_capacitor_box_cover_1_330809,1.0,uom.product_uom_unit,0,all_available,Jinasena_MasterData_Stock.stock_picking_type_manufacturing_760,seed_master_data_and_settings.company_jinasena_agricultural_machinery,warning,0,0,1,0.0,base.LKR,
mrp_bom_id_4415,1,normal,Jinasena_MasterData_Stock.product_template_copacitor_box_cover_2,1.0,uom.product_uom_unit,0,all_available,Jinasena_MasterData_Stock.stock_picking_type_manufacturing_760,seed_master_data_and_settings.company_jinasena_agricultural_machinery,warning,0,0,1,0.0,base.LKR,
mrp_bom_id_4416,1,normal,Jinasena_MasterData_Stock.product_template_wheel_axel_bar,1.0,uom.product_uom_unit,0,all_available,Jinasena_MasterData_Stock.stock_picking_type_manufacturing_760,seed_master_data_and_settings.company_jinasena_agricultural_machinery,warning,0,0,1,0.0,base.LKR,
mrp_bom_id_4417,1,normal,Jinasena_MasterData_Stock.product_template_leg_end_insert_for_al_bracket,1.0,uom.product_uom_unit,0,all_available,Jinasena_MasterData_Stock.stock_picking_type_manufacturing_760,seed_master_data_and_settings.company_jinasena_agricultural_machinery,warning,0,0,1,0.0,base.LKR,
mrp_bom_id_4421,1,normal,Jinasena_MasterData_Stock.product_template_stainless_steel_mini_multi_chopper_with_,1.0,uom.product_uom_unit,0,all_available,Jinasena_MasterData_Stock.stock_picking_type_manufacturing_505,seed_master_data_and_settings.company_jinasena_agricultural_machinery,warning,0,0,1,0.0,base.LKR,
mrp_bom_id_4461,1,normal,Jinasena_MasterData_Stock.product_template_stainless_steel_door_lock_for_malty_grin,1.0,uom.product_uom_unit,0,all_available,Jinasena_MasterData_Stock.stock_picking_type_manufacturing_505,seed_master_data_and_settings.company_jinasena_agricultural_machinery,warning,0,0,1,0.0,base.LKR,
mrp_bom_id_4467,1,normal,Jinasena_MasterData_Stock.product_template_outlet_cover_330773,1.0,uom.product_uom_unit,0,all_available,Jinasena_MasterData_Stock.stock_picking_type_manufacturing_760,seed_master_data_and_settings.company_jinasena_agricultural_machinery,warning,0,0,1,0.0,base.LKR,
mrp_bom_id_4468,1,normal,Jinasena_MasterData_Stock.product_template_outlet_cover_re_inforcement,1.0,uom.product_uom_unit,0,all_available,Jinasena_MasterData_Stock.stock_picking_type_manufacturing_760,seed_master_data_and_settings.company_jinasena_agricultural_machinery,warning,0,0,1,0.0,base.LKR,
mrp_bom_id_4469,1,normal,Jinasena_MasterData_Stock.product_template_top_unit_hinge_pin_s_s,1.0,uom.product_uom_unit,0,all_available,Jinasena_MasterData_Stock.stock_picking_type_manufacturing_760,seed_master_data_and_settings.company_jinasena_agricultural_machinery,warning,0,0,1,0.0,base.LKR,
mrp_bom_id_4473,1,normal,Jinasena_MasterData_Stock.product_template_straight_blade_mini_multi_chop_330783,1.0,uom.product_uom_unit,0,all_available,Jinasena_MasterData_Stock.stock_picking_type_manufacturing_760,seed_master_data_and_settings.company_jinasena_agricultural_machinery,warning,0,0,1,0.0,base.LKR,
mrp_bom_id_4482,1,normal,Jinasena_MasterData_Stock.product_template_spindle_shaft_key,1.0,uom.product_uom_unit,0,all_available,Jinasena_MasterData_Stock.stock_picking_type_manufacturing_760,seed_master_data_and_settings.company_jinasena_agricultural_machinery,warning,0,0,1,0.0,base.LKR,
mrp_bom_id_4491,1,normal,Jinasena_MasterData_Stock.product_template_belt_guard_for_mimi_multi_choppe,1.0,uom.product_uom_unit,0,all_available,Jinasena_MasterData_Stock.stock_picking_type_manufacturing_760,seed_master_data_and_settings.company_jinasena_agricultural_machinery,warning,0,0,1,0.0,base.LKR,
mrp_bom_id_4493,1,normal,Jinasena_MasterData_Stock.product_template_mini_multi_chopper_75_hp_ss75,1.0,uom.product_uom_unit,0,all_available,Jinasena_MasterData_Stock.stock_picking_type_manufacturing_505,seed_master_data_and_settings.company_jinasena_agricultural_machinery,warning,0,0,1,0.0,base.LKR,
mrp_bom_id_4531,1,normal,Jinasena_MasterData_Stock.product_template_chopping_spindle_assmbly,1.0,uom.product_uom_unit,0,all_available,Jinasena_MasterData_Stock.stock_picking_type_manufacturing_760,seed_master_data_and_settings.company_jinasena_agricultural_machinery,warning,0,0,1,0.0,base.LKR,
mrp_bom_id_4541,1,normal,Jinasena_MasterData_Stock.product_template_top_unit_hinge_pin,1.0,uom.product_uom_unit,0,all_available,Jinasena_MasterData_Stock.stock_picking_type_manufacturing_760,seed_master_data_and_settings.company_jinasena_agricultural_machinery,warning,0,0,1,0.0,base.LKR,
mrp_bom_id_4542,1,normal,Jinasena_MasterData_Stock.product_template_top_unit_hinge_bracket,1.0,uom.product_uom_unit,0,all_available,Jinasena_MasterData_Stock.stock_picking_type_manufacturing_760,seed_master_data_and_settings.company_jinasena_agricultural_machinery,warning,0,0,1,0.0,base.LKR,
mrp_bom_id_4548,1,normal,Jinasena_MasterData_Stock.product_template_blade_holder_pin,1.0,uom.product_uom_unit,0,all_available,Jinasena_MasterData_Stock.stock_picking_type_manufacturing_760,seed_master_data_and_settings.company_jinasena_agricultural_machinery,warning,0,0,1,0.0,base.LKR,
mrp_bom_id_4550,1,normal,Jinasena_MasterData_Stock.product_template_spindle_shaft_330793,1.0,uom.product_uom_unit,0,all_available,Jinasena_MasterData_Stock.stock_picking_type_manufacturing_760,seed_master_data_and_settings.company_jinasena_agricultural_machinery,warning,0,0,1,0.0,base.LKR,
mrp_bom_id_4555,1,normal,Jinasena_MasterData_Stock.product_template_rubber_guard_for_outlet,1.0,uom.product_uom_unit,0,all_available,Jinasena_MasterData_Stock.stock_picking_type_manufacturing_760,seed_master_data_and_settings.company_jinasena_agricultural_machinery,warning,0,0,1,0.0,base.LKR,
mrp_bom_id_4565,1,normal,Jinasena_MasterData_Stock.product_template_mini_multi_chopper_ms_with_1hp_motor,1.0,uom.product_uom_unit,0,all_available,Jinasena_MasterData_Stock.stock_picking_type_manufacturing_505,seed_master_data_and_settings.company_jinasena_agricultural_machinery,warning,0,0,1,0.0,base.LKR,
mrp_bom_id_4605,1,normal,Jinasena_MasterData_Stock.product_template_vertical_feeding_box_hopper_330769,1.0,uom.product_uom_unit,0,all_available,Jinasena_MasterData_Stock.stock_picking_type_manufacturing_760,seed_master_data_and_settings.company_jinasena_agricultural_machinery,warning,0,0,1,0.0,base.LKR,
mrp_bom_id_4611,1,normal,Jinasena_MasterData_Stock.product_template_blade_shield_cover_plateate,1.0,uom.product_uom_unit,0,all_available,Jinasena_MasterData_Stock.stock_picking_type_manufacturing_760,seed_master_data_and_settings.company_jinasena_agricultural_machinery,warning,0,0,1,0.0,base.LKR,
mrp_bom_id_4612,1,normal,Jinasena_MasterData_Stock.product_template_sliding_cover,1.0,uom.product_uom_unit,0,all_available,Jinasena_MasterData_Stock.stock_picking_type_manufacturing_760,seed_master_data_and_settings.company_jinasena_agricultural_machinery,warning,0,0,1,0.0,base.LKR,
mrp_bom_id_4614,1,normal,Jinasena_MasterData_Stock.product_template_angle_blade_mini_multi_chop_330785,1.0,uom.product_uom_unit,0,all_available,Jinasena_MasterData_Stock.stock_picking_type_manufacturing_760,seed_master_data_and_settings.company_jinasena_agricultural_machinery,warning,0,0,1,0.0,base.LKR,
mrp_bom_id_4615,1,normal,Jinasena_MasterData_Stock.product_template_blade_holder_plate_330787,1.0,uom.product_uom_unit,0,all_available,Jinasena_MasterData_Stock.stock_picking_type_manufacturing_760,seed_master_data_and_settings.company_jinasena_agricultural_machinery,warning,0,0,1,0.0,base.LKR,
mrp_bom_id_4617,1,normal,Jinasena_MasterData_Stock.product_template_rotating_disc,1.0,uom.product_uom_unit,0,all_available,Jinasena_MasterData_Stock.stock_picking_type_manufacturing_760,seed_master_data_and_settings.company_jinasena_agricultural_machinery,warning,0,0,1,0.0,base.LKR,
mrp_bom_id_4619,1,normal,Jinasena_MasterData_Stock.product_template_rotating_disc_hold_bush,1.0,uom.product_uom_unit,0,all_available,Jinasena_MasterData_Stock.stock_picking_type_manufacturing_760,seed_master_data_and_settings.company_jinasena_agricultural_machinery,warning,0,0,1,0.0,base.LKR,
mrp_bom_id_4632,1,normal,Jinasena_MasterData_Stock.product_template_capacitor_box_assembly,1.0,uom.product_uom_unit,0,all_available,Jinasena_MasterData_Stock.stock_picking_type_manufacturing_505,seed_master_data_and_settings.company_jinasena_agricultural_machinery,warning,0,0,1,0.0,base.LKR,
mrp_bom_id_4633,1,normal,Jinasena_MasterData_Stock.product_template_mini_multi_chopper_75h_333434,1.0,uom.product_uom_unit,0,all_available,Jinasena_MasterData_Stock.stock_picking_type_manufacturing_505,seed_master_data_and_settings.company_jinasena_agricultural_machinery,warning,0,0,1,0.0,base.LKR,
mrp_bom_id_4759,1,normal,Jinasena_MasterData_Stock.product_template_top_cover_assy,1.0,uom.product_uom_unit,0,all_available,Jinasena_MasterData_Stock.stock_picking_type_manufacturing_505,seed_master_data_and_settings.company_jinasena_agricultural_machinery,warning,0,0,1,0.0,base.LKR,
mrp_bom_id_4762,1,normal,Jinasena_MasterData_Stock.product_template_net_and_main_body_assy,1.0,uom.product_uom_unit,0,all_available,Jinasena_MasterData_Stock.stock_picking_type_manufacturing_505,seed_master_data_and_settings.company_jinasena_agricultural_machinery,warning,0,0,1,0.0,base.LKR,
mrp_bom_id_4763,1,normal,Jinasena_MasterData_Stock.product_template_hopper_assy_and_belt_guard_assy,1.0,uom.product_uom_unit,0,all_available,Jinasena_MasterData_Stock.stock_picking_type_manufacturing_505,seed_master_data_and_settings.company_jinasena_agricultural_machinery,warning,0,0,1,0.0,base.LKR,
mrp_bom_id_4764,1,normal,Jinasena_MasterData_Stock.product_template_final_assy_mmth_bsic_type,1.0,uom.product_uom_unit,0,all_available,Jinasena_MasterData_Stock.stock_picking_type_manufacturing_505,seed_master_data_and_settings.company_jinasena_agricultural_machinery,warning,0,0,1,0.0,base.LKR,
mrp_bom_id_4765,1,normal,Jinasena_MasterData_Stock.product_template_tractor_bracket_angle_1,1.0,uom.product_uom_unit,0,all_available,Jinasena_MasterData_Stock.stock_picking_type_manufacturing_760,seed_master_data_and_settings.company_jinasena_agricultural_machinery,warning,0,0,1,0.0,base.LKR,
mrp_bom_id_4768,1,normal,Jinasena_MasterData_Stock.product_template_tractor_bracket_angle_3,1.0,uom.product_uom_unit,0,all_available,Jinasena_MasterData_Stock.stock_picking_type_manufacturing_760,seed_master_data_and_settings.company_jinasena_agricultural_machinery,warning,0,0,1,0.0,base.LKR,
mrp_bom_id_4769,1,normal,Jinasena_MasterData_Stock.product_template_tractor_bracket_end_plate,1.0,uom.product_uom_unit,0,all_available,Jinasena_MasterData_Stock.stock_picking_type_manufacturing_760,seed_master_data_and_settings.company_jinasena_agricultural_machinery,warning,0,0,1,0.0,base.LKR,
mrp_bom_id_4771,1,normal,Jinasena_MasterData_Stock.product_template_adjuster_pipe_tractor_bracket,1.0,uom.product_uom_unit,0,all_available,Jinasena_MasterData_Stock.stock_picking_type_manufacturing_760,seed_master_data_and_settings.company_jinasena_agricultural_machinery,warning,0,0,1,0.0,base.LKR,
mrp_bom_id_4772,1,normal,Jinasena_MasterData_Stock.product_template_adjuster_bolt_handle,1.0,uom.product_uom_unit,0,all_available,Jinasena_MasterData_Stock.stock_picking_type_manufacturing_760,seed_master_data_and_settings.company_jinasena_agricultural_machinery,warning,0,0,1,0.0,base.LKR,
mrp_bom_id_4773,1,normal,Jinasena_MasterData_Stock.product_template_adjuster_pipe_base,1.0,uom.product_uom_unit,0,all_available,Jinasena_MasterData_Stock.stock_picking_type_manufacturing_760,seed_master_data_and_settings.company_jinasena_agricultural_machinery,warning,0,0,1,0.0,base.LKR,
mrp_bom_id_4774,1,normal,Jinasena_MasterData_Stock.product_template_top_cover_plate_1,1.0,uom.product_uom_unit,0,all_available,Jinasena_MasterData_Stock.stock_picking_type_manufacturing_505,seed_master_data_and_settings.company_jinasena_agricultural_machinery,warning,0,0,1,0.0,base.LKR,
mrp_bom_id_4777,1,normal,Jinasena_MasterData_Stock.product_template_louvers,1.0,uom.product_uom_unit,0,all_available,Jinasena_MasterData_Stock.stock_picking_type_manufacturing_505,seed_master_data_and_settings.company_jinasena_agricultural_machinery,warning,0,0,1,0.0,base.LKR,
mrp_bom_id_4778,1,normal,Jinasena_MasterData_Stock.product_template_drum_pipe,1.0,uom.product_uom_unit,0,all_available,Jinasena_MasterData_Stock.stock_picking_type_manufacturing_505,seed_master_data_and_settings.company_jinasena_agricultural_machinery,warning,0,0,1,0.0,base.LKR,
mrp_bom_id_4780,1,normal,Jinasena_MasterData_Stock.product_template_drum_pegs,1.0,uom.product_uom_unit,0,all_available,Jinasena_MasterData_Stock.stock_picking_type_manufacturing_505,seed_master_data_and_settings.company_jinasena_agricultural_machinery,warning,0,0,1,0.0,base.LKR,
mrp_bom_id_4781,1,normal,Jinasena_MasterData_Stock.product_template_drum_side_pegs,1.0,uom.product_uom_unit,0,all_available,Jinasena_MasterData_Stock.stock_picking_type_manufacturing_505,seed_master_data_and_settings.company_jinasena_agricultural_machinery,warning,0,0,1,0.0,base.LKR,
mrp_bom_id_4782,1,normal,Jinasena_MasterData_Stock.product_template_drum_bush_331233,1.0,uom.product_uom_unit,0,all_available,Jinasena_MasterData_Stock.stock_picking_type_manufacturing_505,seed_master_data_and_settings.company_jinasena_agricultural_machinery,warning,0,0,1,0.0,base.LKR,
mrp_bom_id_4783,1,normal,Jinasena_MasterData_Stock.product_template_drum_axel_331234,1.0,uom.product_uom_unit,0,all_available,Jinasena_MasterData_Stock.stock_picking_type_manufacturing_505,seed_master_data_and_settings.company_jinasena_agricultural_machinery,warning,0,0,1,0.0,base.LKR,
mrp_bom_id_4784,1,normal,Jinasena_MasterData_Stock.product_template_pipe_331235,1.0,uom.product_uom_unit,0,all_available,Jinasena_MasterData_Stock.stock_picking_type_manufacturing_505,seed_master_data_and_settings.company_jinasena_agricultural_machinery,warning,0,0,1,0.0,base.LKR,
mrp_bom_id_4787,1,normal,Jinasena_MasterData_Stock.product_template_remover_peg_rainofrcement,1.0,uom.product_uom_unit,0,all_available,Jinasena_MasterData_Stock.stock_picking_type_manufacturing_505,seed_master_data_and_settings.company_jinasena_agricultural_machinery,warning,0,0,1,0.0,base.LKR,
mrp_bom_id_4788,1,normal,Jinasena_MasterData_Stock.product_template_net_main,1.0,uom.product_uom_unit,0,all_available,Jinasena_MasterData_Stock.stock_picking_type_manufacturing_505,seed_master_data_and_settings.company_jinasena_agricultural_machinery,warning,0,0,1,0.0,base.LKR,
mrp_bom_id_4789,1,normal,Jinasena_MasterData_Stock.product_template_net_side_cover,1.0,uom.product_uom_unit,0,all_available,Jinasena_MasterData_Stock.stock_picking_type_manufacturing_505,seed_master_data_and_settings.company_jinasena_agricultural_machinery,warning,0,0,1,0.0,base.LKR,
mrp_bom_id_4790,1,normal,Jinasena_MasterData_Stock.product_template_column_verticle,1.0,uom.product_uom_unit,0,all_available,Jinasena_MasterData_Stock.stock_picking_type_manufacturing_505,seed_master_data_and_settings.company_jinasena_agricultural_machinery,warning,0,0,1,0.0,base.LKR,
mrp_bom_id_4793,1,normal,Jinasena_MasterData_Stock.product_template_column_cross_2,1.0,uom.product_uom_unit,0,all_available,Jinasena_MasterData_Stock.stock_picking_type_manufacturing_505,seed_master_data_and_settings.company_jinasena_agricultural_machinery,warning,0,0,1,0.0,base.LKR,
mrp_bom_id_4794,1,normal,Jinasena_MasterData_Stock.product_template_beam_supportt_1,1.0,uom.product_uom_unit,0,all_available,Jinasena_MasterData_Stock.stock_picking_type_manufacturing_505,seed_master_data_and_settings.company_jinasena_agricultural_machinery,warning,0,0,1,0.0,base.LKR,
mrp_bom_id_4795,1,normal,Jinasena_MasterData_Stock.product_template_beam_supportt_2,1.0,uom.product_uom_unit,0,all_available,Jinasena_MasterData_Stock.stock_picking_type_manufacturing_505,seed_master_data_and_settings.company_jinasena_agricultural_machinery,warning,0,0,1,0.0,base.LKR,
mrp_bom_id_4798,1,normal,Jinasena_MasterData_Stock.product_template_seaving_net_frame_1,1.0,uom.product_uom_unit,0,all_available,Jinasena_MasterData_Stock.stock_picking_type_manufacturing_505,seed_master_data_and_settings.company_jinasena_agricultural_machinery,warning,0,0,1,0.0,base.LKR,
mrp_bom_id_4803,1,normal,Jinasena_MasterData_Stock.product_template_seaving_net_frame_4,1.0,uom.product_uom_unit,0,all_available,Jinasena_MasterData_Stock.stock_picking_type_manufacturing_505,seed_master_data_and_settings.company_jinasena_agricultural_machinery,warning,0,0,1,0.0,base.LKR,
mrp_bom_id_4804,1,normal,Jinasena_MasterData_Stock.product_template_cob_seive_out_1,1.0,uom.product_uom_unit,0,all_available,Jinasena_MasterData_Stock.stock_picking_type_manufacturing_505,seed_master_data_and_settings.company_jinasena_agricultural_machinery,warning,0,0,1,0.0,base.LKR,
mrp_bom_id_4806,1,normal,Jinasena_MasterData_Stock.product_template_cob_seive_out_3,1.0,uom.product_uom_unit,0,all_available,Jinasena_MasterData_Stock.stock_picking_type_manufacturing_505,seed_master_data_and_settings.company_jinasena_agricultural_machinery,warning,0,0,1,0.0,base.LKR,
mrp_bom_id_4811,1,normal,Jinasena_MasterData_Stock.product_template_cob_seive_out_5,1.0,uom.product_uom_unit,0,all_available,Jinasena_MasterData_Stock.stock_picking_type_manufacturing_505,seed_master_data_and_settings.company_jinasena_agricultural_machinery,warning,0,0,1,0.0,base.LKR,
mrp_bom_id_4815,1,normal,Jinasena_MasterData_Stock.product_template_hopper_bottom_plate_331868,1.0,uom.product_uom_unit,0,all_available,Jinasena_MasterData_Stock.stock_picking_type_manufacturing_505,seed_master_data_and_settings.company_jinasena_agricultural_machinery,warning,0,0,1,0.0,base.LKR,
mrp_bom_id_4816,1,normal,Jinasena_MasterData_Stock.product_template_hopper_top_plate_331870,1.0,uom.product_uom_unit,0,all_available,Jinasena_MasterData_Stock.stock_picking_type_manufacturing_505,seed_master_data_and_settings.company_jinasena_agricultural_machinery,warning,0,0,1,0.0,base.LKR,
mrp_bom_id_4817,1,normal,Jinasena_MasterData_Stock.product_template_hopper_outlet_top_plate_331872,1.0,uom.product_uom_unit,0,all_available,Jinasena_MasterData_Stock.stock_picking_type_manufacturing_505,seed_master_data_and_settings.company_jinasena_agricultural_machinery,warning,0,0,1,0.0,base.LKR,
mrp_bom_id_4818,1,normal,Jinasena_MasterData_Stock.product_template_hopper_outlet_bottom_plate_331874,1.0,uom.product_uom_unit,0,all_available,Jinasena_MasterData_Stock.stock_picking_type_manufacturing_505,seed_master_data_and_settings.company_jinasena_agricultural_machinery,warning,0,0,1,0.0,base.LKR,
mrp_bom_id_4819,1,normal,Jinasena_MasterData_Stock.product_template_mini_maize_thresher_basic,1.0,uom.product_uom_unit,0,all_available,Jinasena_MasterData_Stock.stock_picking_type_manufacturing_505,seed_master_data_and_settings.company_jinasena_agricultural_machinery,warning,0,0,1,0.0,base.LKR,
mrp_bom_id_4925,1,normal,Jinasena_MasterData_Stock.product_template_drum_assy,1.0,uom.product_uom_unit,0,all_available,Jinasena_MasterData_Stock.stock_picking_type_manufacturing_505,seed_master_data_and_settings.company_jinasena_agricultural_machinery,warning,0,0,1,0.0,base.LKR,
mrp_bom_id_4926,1,normal,Jinasena_MasterData_Stock.product_template_cob_remover_assy,1.0,uom.product_uom_unit,0,all_available,Jinasena_MasterData_Stock.stock_picking_type_manufacturing_505,seed_master_data_and_settings.company_jinasena_agricultural_machinery,warning,0,0,1,0.0,base.LKR,
mrp_bom_id_4929,1,normal,Jinasena_MasterData_Stock.product_template_final_assy_329641,1.0,uom.product_uom_unit,0,all_available,Jinasena_MasterData_Stock.stock_picking_type_manufacturing_505,seed_master_data_and_settings.company_jinasena_agricultural_machinery,warning,0,0,1,0.0,base.LKR,
mrp_bom_id_4931,1,normal,Jinasena_MasterData_Stock.product_template_top_cover_side,1.0,uom.product_uom_unit,0,all_available,Jinasena_MasterData_Stock.stock_picking_type_manufacturing_505,seed_master_data_and_settings.company_jinasena_agricultural_machinery,warning,0,0,1,0.0,base.LKR,
mrp_bom_id_4932,1,normal,Jinasena_MasterData_Stock.product_template_top_cover_plate_rainf,1.0,uom.product_uom_unit,0,all_available,Jinasena_MasterData_Stock.stock_picking_type_manufacturing_505,seed_master_data_and_settings.company_jinasena_agricultural_machinery,warning,0,0,1,0.0,base.LKR,
mrp_bom_id_4935,1,normal,Jinasena_MasterData_Stock.product_template_drum_pipe_side,1.0,uom.product_uom_unit,0,all_available,Jinasena_MasterData_Stock.stock_picking_type_manufacturing_505,seed_master_data_and_settings.company_jinasena_agricultural_machinery,warning,0,0,1,0.0,base.LKR,
mrp_bom_id_4941,1,normal,Jinasena_MasterData_Stock.product_template_remover_peg,1.0,uom.product_uom_unit,0,all_available,Jinasena_MasterData_Stock.stock_picking_type_manufacturing_505,seed_master_data_and_settings.company_jinasena_agricultural_machinery,warning,0,0,1,0.0,base.LKR,
mrp_bom_id_4942,1,normal,Jinasena_MasterData_Stock.product_template_remover_peg_cross,1.0,uom.product_uom_unit,0,all_available,Jinasena_MasterData_Stock.stock_picking_type_manufacturing_505,seed_master_data_and_settings.company_jinasena_agricultural_machinery,warning,0,0,1,0.0,base.LKR,
mrp_bom_id_4947,1,normal,Jinasena_MasterData_Stock.product_template_column_horizontal,1.0,uom.product_uom_unit,0,all_available,Jinasena_MasterData_Stock.stock_picking_type_manufacturing_505,seed_master_data_and_settings.company_jinasena_agricultural_machinery,warning,0,0,1,0.0,base.LKR,
mrp_bom_id_4948,1,normal,Jinasena_MasterData_Stock.product_template_column_cross_1,1.0,uom.product_uom_unit,0,all_available,Jinasena_MasterData_Stock.stock_picking_type_manufacturing_505,seed_master_data_and_settings.company_jinasena_agricultural_machinery,warning,0,0,1,0.0,base.LKR,
mrp_bom_id_4952,1,normal,Jinasena_MasterData_Stock.product_template_seiver_support_angle_1,1.0,uom.product_uom_unit,0,all_available,Jinasena_MasterData_Stock.stock_picking_type_manufacturing_505,seed_master_data_and_settings.company_jinasena_agricultural_machinery,warning,0,0,1,0.0,base.LKR,
mrp_bom_id_4953,1,normal,Jinasena_MasterData_Stock.product_template_seiver_support_angle_2,1.0,uom.product_uom_unit,0,all_available,Jinasena_MasterData_Stock.stock_picking_type_manufacturing_505,seed_master_data_and_settings.company_jinasena_agricultural_machinery,warning,0,0,1,0.0,base.LKR,
mrp_bom_id_4955,1,normal,Jinasena_MasterData_Stock.product_template_seaving_net_frame_2,1.0,uom.product_uom_unit,0,all_available,Jinasena_MasterData_Stock.stock_picking_type_manufacturing_505,seed_master_data_and_settings.company_jinasena_agricultural_machinery,warning,0,0,1,0.0,base.LKR,
mrp_bom_id_4956,1,normal,Jinasena_MasterData_Stock.product_template_seaving_net_frame_3,1.0,uom.product_uom_unit,0,all_available,Jinasena_MasterData_Stock.stock_picking_type_manufacturing_505,seed_master_data_and_settings.company_jinasena_agricultural_machinery,warning,0,0,1,0.0,base.LKR,
mrp_bom_id_4957,1,normal,Jinasena_MasterData_Stock.product_template_net,1.0,uom.product_uom_unit,0,all_available,Jinasena_MasterData_Stock.stock_picking_type_manufacturing_505,seed_master_data_and_settings.company_jinasena_agricultural_machinery,warning,0,0,1,0.0,base.LKR,
mrp_bom_id_4958,1,normal,Jinasena_MasterData_Stock.product_template_separate_plate_331253,1.0,uom.product_uom_unit,0,all_available,Jinasena_MasterData_Stock.stock_picking_type_manufacturing_505,seed_master_data_and_settings.company_jinasena_agricultural_machinery,warning,0,0,1,0.0,base.LKR,
mrp_bom_id_4961,1,normal,Jinasena_MasterData_Stock.product_template_cob_seive_out_2,1.0,uom.product_uom_unit,0,all_available,Jinasena_MasterData_Stock.stock_picking_type_manufacturing_505,seed_master_data_and_settings.company_jinasena_agricultural_machinery,warning,0,0,1,0.0,base.LKR,
mrp_bom_id_4963,1,normal,Jinasena_MasterData_Stock.product_template_cob_seive_out_4,1.0,uom.product_uom_unit,0,all_available,Jinasena_MasterData_Stock.stock_picking_type_manufacturing_505,seed_master_data_and_settings.company_jinasena_agricultural_machinery,warning,0,0,1,0.0,base.LKR,
mrp_bom_id_4964,1,normal,Jinasena_MasterData_Stock.product_template_belt_guard_plate_1,1.0,uom.product_uom_unit,0,all_available,Jinasena_MasterData_Stock.stock_picking_type_manufacturing_505,seed_master_data_and_settings.company_jinasena_agricultural_machinery,warning,0,0,1,0.0,base.LKR,
mrp_bom_id_4965,1,normal,Jinasena_MasterData_Stock.product_template_belt_guard_plate_2,1.0,uom.product_uom_unit,0,all_available,Jinasena_MasterData_Stock.stock_picking_type_manufacturing_505,seed_master_data_and_settings.company_jinasena_agricultural_machinery,warning,0,0,1,0.0,base.LKR,
mrp_bom_id_4966,1,normal,Jinasena_MasterData_Stock.product_template_belt_guard_bracket_331261,1.0,uom.product_uom_unit,0,all_available,Jinasena_MasterData_Stock.stock_picking_type_manufacturing_505,seed_master_data_and_settings.company_jinasena_agricultural_machinery,warning,0,0,1,0.0,base.LKR,
mrp_bom_id_4968,1,normal,Jinasena_MasterData_Stock.product_template_tractor_bracket_mounting_1,1.0,uom.product_uom_unit,0,all_available,Jinasena_MasterData_Stock.stock_picking_type_manufacturing_505,seed_master_data_and_settings.company_jinasena_agricultural_machinery,warning,0,0,1,0.0,base.LKR,
mrp_bom_id_4969,1,normal,Jinasena_MasterData_Stock.product_template_tractor_bracket_mounting_2,1.0,uom.product_uom_unit,0,all_available,Jinasena_MasterData_Stock.stock_picking_type_manufacturing_505,seed_master_data_and_settings.company_jinasena_agricultural_machinery,warning,0,0,1,0.0,base.LKR,
mrp_bom_id_4970,1,normal,Jinasena_MasterData_Stock.product_template_tractor_bracket_mounting_3,1.0,uom.product_uom_unit,0,all_available,Jinasena_MasterData_Stock.stock_picking_type_manufacturing_505,seed_master_data_and_settings.company_jinasena_agricultural_machinery,warning,0,0,1,0.0,base.LKR,
mrp_bom_id_4975,1,normal,Jinasena_MasterData_Stock.product_template_mini_maize_thresher_1_5hp,1.0,uom.product_uom_unit,0,all_available,Jinasena_MasterData_Stock.stock_picking_type_manufacturing_505,seed_master_data_and_settings.company_jinasena_agricultural_machinery,warning,0,0,1,0.0,base.LKR,
mrp_bom_id_5484,1,normal,Jinasena_MasterData_Stock.product_template_main_body_assembly_329623,1.0,uom.product_uom_unit,0,all_available,Jinasena_MasterData_Stock.stock_picking_type_manufacturing_505,seed_master_data_and_settings.company_jinasena_agricultural_machinery,warning,0,0,1,0.0,base.LKR,
mrp_bom_id_5486,1,normal,Jinasena_MasterData_Stock.product_template_top_cover,1.0,uom.product_uom_unit,0,all_available,Jinasena_MasterData_Stock.stock_picking_type_manufacturing_505,seed_master_data_and_settings.company_jinasena_agricultural_machinery,warning,0,0,1,0.0,base.LKR,
mrp_bom_id_5487,1,normal,Jinasena_MasterData_Stock.product_template_seiver_assembly,1.0,uom.product_uom_unit,0,all_available,Jinasena_MasterData_Stock.stock_picking_type_manufacturing_505,seed_master_data_and_settings.company_jinasena_agricultural_machinery,warning,0,0,1,0.0,base.LKR,
mrp_bom_id_5488,1,normal,Jinasena_MasterData_Stock.product_template_drum_assembly_329627,1.0,uom.product_uom_unit,0,all_available,Jinasena_MasterData_Stock.stock_picking_type_manufacturing_505,seed_master_data_and_settings.company_jinasena_agricultural_machinery,warning,0,0,1,0.0,base.LKR,
mrp_bom_id_5489,1,normal,Jinasena_MasterData_Stock.product_template_tray_assembly,1.0,uom.product_uom_unit,0,all_available,Jinasena_MasterData_Stock.stock_picking_type_manufacturing_505,seed_master_data_and_settings.company_jinasena_agricultural_machinery,warning,0,0,1,0.0,base.LKR,
mrp_bom_id_5490,1,normal,Jinasena_MasterData_Stock.product_template_seed_outlet_ass,1.0,uom.product_uom_unit,0,all_available,Jinasena_MasterData_Stock.stock_picking_type_manufacturing_505,seed_master_data_and_settings.company_jinasena_agricultural_machinery,warning,0,0,1,0.0,base.LKR,
mrp_bom_id_5491,1,normal,Jinasena_MasterData_Stock.product_template_tractor_bracket_ass,1.0,uom.product_uom_unit,0,all_available,Jinasena_MasterData_Stock.stock_picking_type_manufacturing_505,seed_master_data_and_settings.company_jinasena_agricultural_machinery,warning,0,0,1,0.0,base.LKR,
mrp_bom_id_5492,1,normal,Jinasena_MasterData_Stock.product_template_seiver_operating_assembly,1.0,uom.product_uom_unit,0,all_available,Jinasena_MasterData_Stock.stock_picking_type_manufacturing_505,seed_master_data_and_settings.company_jinasena_agricultural_machinery,warning,0,0,1,0.0,base.LKR,
mrp_bom_id_5493,1,normal,Jinasena_MasterData_Stock.product_template_concave_and_seeds_collector_ass,1.0,uom.product_uom_unit,0,all_available,Jinasena_MasterData_Stock.stock_picking_type_manufacturing_505,seed_master_data_and_settings.company_jinasena_agricultural_machinery,warning,0,0,1,0.0,base.LKR,
mrp_bom_id_5494,1,normal,Jinasena_MasterData_Stock.product_template_final_assembly_329637,1.0,uom.product_uom_unit,0,all_available,Jinasena_MasterData_Stock.stock_picking_type_manufacturing_505,seed_master_data_and_settings.company_jinasena_agricultural_machinery,warning,0,0,1,0.0,base.LKR,
mrp_bom_id_5499,1,normal,Jinasena_MasterData_Stock.product_template_siever_mount_bracket_5,1.0,uom.product_uom_unit,0,all_available,Jinasena_MasterData_Stock.stock_picking_type_manufacturing_505,seed_master_data_and_settings.company_jinasena_agricultural_machinery,warning,0,0,1,0.0,base.LKR,
mrp_bom_id_5500,1,normal,Jinasena_MasterData_Stock.product_template_siever_mount_6,1.0,uom.product_uom_unit,0,all_available,Jinasena_MasterData_Stock.stock_picking_type_manufacturing_505,seed_master_data_and_settings.company_jinasena_agricultural_machinery,warning,0,0,1,0.0,base.LKR,
mrp_bom_id_5501,1,normal,Jinasena_MasterData_Stock.product_template_inner_hopper_bar_7l_7r,1.0,uom.product_uom_unit,0,all_available,Jinasena_MasterData_Stock.stock_picking_type_manufacturing_505,seed_master_data_and_settings.company_jinasena_agricultural_machinery,warning,0,0,1,0.0,base.LKR,
mrp_bom_id_5502,1,normal,Jinasena_MasterData_Stock.product_template_rant_bracket_platefix_al_bottom,1.0,uom.product_uom_unit,0,all_available,Jinasena_MasterData_Stock.stock_picking_type_manufacturing_505,seed_master_data_and_settings.company_jinasena_agricultural_machinery,warning,0,0,1,0.0,base.LKR,
mrp_bom_id_5504,1,normal,Jinasena_MasterData_Stock.product_template_top_cover_base_10l_10r,1.0,uom.product_uom_unit,0,all_available,Jinasena_MasterData_Stock.stock_picking_type_manufacturing_505,seed_master_data_and_settings.company_jinasena_agricultural_machinery,warning,0,0,1,0.0,base.LKR,
mrp_bom_id_5505,1,normal,Jinasena_MasterData_Stock.product_template_top_cover_base_11f_11b,1.0,uom.product_uom_unit,0,all_available,Jinasena_MasterData_Stock.stock_picking_type_manufacturing_505,seed_master_data_and_settings.company_jinasena_agricultural_machinery,warning,0,0,1,0.0,base.LKR,
mrp_bom_id_5506,1,normal,Jinasena_MasterData_Stock.product_template_top_cover_fixing_al12,1.0,uom.product_uom_unit,0,all_available,Jinasena_MasterData_Stock.stock_picking_type_manufacturing_505,seed_master_data_and_settings.company_jinasena_agricultural_machinery,warning,0,0,1,0.0,base.LKR,
mrp_bom_id_5507,1,normal,Jinasena_MasterData_Stock.product_template_siever_hangers_13,1.0,uom.product_uom_unit,0,all_available,Jinasena_MasterData_Stock.stock_picking_type_manufacturing_505,seed_master_data_and_settings.company_jinasena_agricultural_machinery,warning,0,0,1,0.0,base.LKR,
mrp_bom_id_5508,1,normal,Jinasena_MasterData_Stock.product_template_siever_hangers_base_19,1.0,uom.product_uom_unit,0,all_available,Jinasena_MasterData_Stock.stock_picking_type_manufacturing_505,seed_master_data_and_settings.company_jinasena_agricultural_machinery,warning,0,0,1,0.0,base.LKR,
mrp_bom_id_5509,1,normal,Jinasena_MasterData_Stock.product_template_lifting_rin_14,1.0,uom.product_uom_unit,0,all_available,Jinasena_MasterData_Stock.stock_picking_type_manufacturing_505,seed_master_data_and_settings.company_jinasena_agricultural_machinery,warning,0,0,1,0.0,base.LKR,
mrp_bom_id_5510,1,normal,Jinasena_MasterData_Stock.product_template_siev_pivot_mount_15,1.0,uom.product_uom_unit,0,all_available,Jinasena_MasterData_Stock.stock_picking_type_manufacturing_505,seed_master_data_and_settings.company_jinasena_agricultural_machinery,warning,0,0,1,0.0,base.LKR,
mrp_bom_id_5511,1,normal,Jinasena_MasterData_Stock.product_template_top_cover_pivot_16,1.0,uom.product_uom_unit,0,all_available,Jinasena_MasterData_Stock.stock_picking_type_manufacturing_505,seed_master_data_and_settings.company_jinasena_agricultural_machinery,warning,0,0,1,0.0,base.LKR,
mrp_bom_id_5512,1,normal,Jinasena_MasterData_Stock.product_template_rubber_guard_hager_17,1.0,uom.product_uom_unit,0,all_available,Jinasena_MasterData_Stock.stock_picking_type_manufacturing_505,seed_master_data_and_settings.company_jinasena_agricultural_machinery,warning,0,0,1,0.0,base.LKR,
mrp_bom_id_5513,1,normal,Jinasena_MasterData_Stock.product_template_botton_rainf_plate_18,1.0,uom.product_uom_unit,0,all_available,Jinasena_MasterData_Stock.stock_picking_type_manufacturing_505,seed_master_data_and_settings.company_jinasena_agricultural_machinery,warning,0,0,1,0.0,base.LKR,
mrp_bom_id_5514,1,normal,Jinasena_MasterData_Stock.product_template_seperation_plate,1.0,uom.product_uom_unit,0,all_available,Jinasena_MasterData_Stock.stock_picking_type_manufacturing_505,seed_master_data_and_settings.company_jinasena_agricultural_machinery,warning,0,0,1,0.0,base.LKR,
mrp_bom_id_5515,1,normal,Jinasena_MasterData_Stock.product_template_reinforcements_for_back_plate,1.0,uom.product_uom_unit,0,all_available,Jinasena_MasterData_Stock.stock_picking_type_manufacturing_505,seed_master_data_and_settings.company_jinasena_agricultural_machinery,warning,0,0,1,0.0,base.LKR,
mrp_bom_id_5518,1,normal,Jinasena_MasterData_Stock.product_template_outlet_concave_ribs,1.0,uom.product_uom_unit,0,all_available,Jinasena_MasterData_Stock.stock_picking_type_manufacturing_505,seed_master_data_and_settings.company_jinasena_agricultural_machinery,warning,0,0,1,0.0,base.LKR,
mrp_bom_id_5519,1,normal,Jinasena_MasterData_Stock.product_template_outlet_concave_rds,1.0,uom.product_uom_unit,0,all_available,Jinasena_MasterData_Stock.stock_picking_type_manufacturing_505,seed_master_data_and_settings.company_jinasena_agricultural_machinery,warning,0,0,1,0.0,base.LKR,
mrp_bom_id_5520,1,normal,Jinasena_MasterData_Stock.product_template_frame_side_plate_l_r,1.0,uom.product_uom_unit,0,all_available,Jinasena_MasterData_Stock.stock_picking_type_manufacturing_505,seed_master_data_and_settings.company_jinasena_agricultural_machinery,warning,0,0,1,0.0,base.LKR,
mrp_bom_id_5521,1,normal,Jinasena_MasterData_Stock.product_template_hopper_covering_plate,1.0,uom.product_uom_unit,0,all_available,Jinasena_MasterData_Stock.stock_picking_type_manufacturing_505,seed_master_data_and_settings.company_jinasena_agricultural_machinery,warning,0,0,1,0.0,base.LKR,
mrp_bom_id_5522,1,normal,Jinasena_MasterData_Stock.product_template_inner_hopper_front_back_cover,1.0,uom.product_uom_unit,0,all_available,Jinasena_MasterData_Stock.stock_picking_type_manufacturing_505,seed_master_data_and_settings.company_jinasena_agricultural_machinery,warning,0,0,1,0.0,base.LKR,
mrp_bom_id_5523,1,normal,Jinasena_MasterData_Stock.product_template_inner_hopper_left_right_cover,1.0,uom.product_uom_unit,0,all_available,Jinasena_MasterData_Stock.stock_picking_type_manufacturing_505,seed_master_data_and_settings.company_jinasena_agricultural_machinery,warning,0,0,1,0.0,base.LKR,
mrp_bom_id_5524,1,normal,Jinasena_MasterData_Stock.product_template_front_cover_plate,1.0,uom.product_uom_unit,0,all_available,Jinasena_MasterData_Stock.stock_picking_type_manufacturing_505,seed_master_data_and_settings.company_jinasena_agricultural_machinery,warning,0,0,1,0.0,base.LKR,
mrp_bom_id_5526,1,normal,Jinasena_MasterData_Stock.product_template_outlet_side_plate,1.0,uom.product_uom_unit,0,all_available,Jinasena_MasterData_Stock.stock_picking_type_manufacturing_505,seed_master_data_and_settings.company_jinasena_agricultural_machinery,warning,0,0,1,0.0,base.LKR,
mrp_bom_id_5527,1,normal,Jinasena_MasterData_Stock.product_template_outlet_top_plate,1.0,uom.product_uom_unit,0,all_available,Jinasena_MasterData_Stock.stock_picking_type_manufacturing_505,seed_master_data_and_settings.company_jinasena_agricultural_machinery,warning,0,0,1,0.0,base.LKR,
mrp_bom_id_5528,1,normal,Jinasena_MasterData_Stock.product_template_outlet_bottom_plate,1.0,uom.product_uom_unit,0,all_available,Jinasena_MasterData_Stock.stock_picking_type_manufacturing_505,seed_master_data_and_settings.company_jinasena_agricultural_machinery,warning,0,0,1,0.0,base.LKR,
mrp_bom_id_5530,1,normal,Jinasena_MasterData_Stock.product_template_top_plate,1.0,uom.product_uom_unit,0,all_available,Jinasena_MasterData_Stock.stock_picking_type_manufacturing_505,seed_master_data_and_settings.company_jinasena_agricultural_machinery,warning,0,0,1,0.0,base.LKR,
mrp_bom_id_5531,1,normal,Jinasena_MasterData_Stock.product_template_side_plate_331081,1.0,uom.product_uom_unit,0,all_available,Jinasena_MasterData_Stock.stock_picking_type_manufacturing_505,seed_master_data_and_settings.company_jinasena_agricultural_machinery,warning,0,0,1,0.0,base.LKR,
mrp_bom_id_5532,1,normal,Jinasena_MasterData_Stock.product_template_reinforcement_strip,1.0,uom.product_uom_unit,0,all_available,Jinasena_MasterData_Stock.stock_picking_type_manufacturing_505,seed_master_data_and_settings.company_jinasena_agricultural_machinery,warning,0,0,1,0.0,base.LKR,
mrp_bom_id_5533,1,normal,Jinasena_MasterData_Stock.product_template_hinge_pin_1,1.0,uom.product_uom_unit,0,all_available,Jinasena_MasterData_Stock.stock_picking_type_manufacturing_505,seed_master_data_and_settings.company_jinasena_agricultural_machinery,warning,0,0,1,0.0,base.LKR,
mrp_bom_id_5534,1,normal,Jinasena_MasterData_Stock.product_template_hinge_pin_2,1.0,uom.product_uom_unit,0,all_available,Jinasena_MasterData_Stock.stock_picking_type_manufacturing_505,seed_master_data_and_settings.company_jinasena_agricultural_machinery,warning,0,0,1,0.0,base.LKR,
mrp_bom_id_5535,1,normal,Jinasena_MasterData_Stock.product_template_hinge_pin_lugs,1.0,uom.product_uom_unit,0,all_available,Jinasena_MasterData_Stock.stock_picking_type_manufacturing_505,seed_master_data_and_settings.company_jinasena_agricultural_machinery,warning,0,0,1,0.0,base.LKR,
mrp_bom_id_5536,1,normal,Jinasena_MasterData_Stock.product_template_top_cover_frame_al_f_b,1.0,uom.product_uom_unit,0,all_available,Jinasena_MasterData_Stock.stock_picking_type_manufacturing_505,seed_master_data_and_settings.company_jinasena_agricultural_machinery,warning,0,0,1,0.0,base.LKR,
mrp_bom_id_5537,1,normal,Jinasena_MasterData_Stock.product_template_top_cover_frame_al_l_r,1.0,uom.product_uom_unit,0,all_available,Jinasena_MasterData_Stock.stock_picking_type_manufacturing_505,seed_master_data_and_settings.company_jinasena_agricultural_machinery,warning,0,0,1,0.0,base.LKR,
mrp_bom_id_5538,1,normal,Jinasena_MasterData_Stock.product_template_top_cover_hinge_fi_large,1.0,uom.product_uom_unit,0,all_available,Jinasena_MasterData_Stock.stock_picking_type_manufacturing_505,seed_master_data_and_settings.company_jinasena_agricultural_machinery,warning,0,0,1,0.0,base.LKR,
mrp_bom_id_5539,1,normal,Jinasena_MasterData_Stock.product_template_top_cover_hinge_fi_small,1.0,uom.product_uom_unit,0,all_available,Jinasena_MasterData_Stock.stock_picking_type_manufacturing_505,seed_master_data_and_settings.company_jinasena_agricultural_machinery,warning,0,0,1,0.0,base.LKR,
mrp_bom_id_5540,1,normal,Jinasena_MasterData_Stock.product_template_top_cover_lock_fi,1.0,uom.product_uom_unit,0,all_available,Jinasena_MasterData_Stock.stock_picking_type_manufacturing_505,seed_master_data_and_settings.company_jinasena_agricultural_machinery,warning,0,0,1,0.0,base.LKR,
mrp_bom_id_5541,1,normal,Jinasena_MasterData_Stock.product_template_top_cover_hinge_pin,1.0,uom.product_uom_unit,0,all_available,Jinasena_MasterData_Stock.stock_picking_type_manufacturing_505,seed_master_data_and_settings.company_jinasena_agricultural_machinery,warning,0,0,1,0.0,base.LKR,
mrp_bom_id_5542,1,normal,Jinasena_MasterData_Stock.product_template_inlet_frame_al_large,1.0,uom.product_uom_unit,0,all_available,Jinasena_MasterData_Stock.stock_picking_type_manufacturing_505,seed_master_data_and_settings.company_jinasena_agricultural_machinery,warning,0,0,1,0.0,base.LKR,
mrp_bom_id_5543,1,normal,Jinasena_MasterData_Stock.product_template_inlet_frame_al_small,1.0,uom.product_uom_unit,0,all_available,Jinasena_MasterData_Stock.stock_picking_type_manufacturing_505,seed_master_data_and_settings.company_jinasena_agricultural_machinery,warning,0,0,1,0.0,base.LKR,
mrp_bom_id_5544,1,normal,Jinasena_MasterData_Stock.product_template_tray_handle_bracket_plate,1.0,uom.product_uom_unit,0,all_available,Jinasena_MasterData_Stock.stock_picking_type_manufacturing_505,seed_master_data_and_settings.company_jinasena_agricultural_machinery,warning,0,0,1,0.0,base.LKR,
mrp_bom_id_5545,1,normal,Jinasena_MasterData_Stock.product_template_tray_hunge_bush,1.0,uom.product_uom_unit,0,all_available,Jinasena_MasterData_Stock.stock_picking_type_manufacturing_505,seed_master_data_and_settings.company_jinasena_agricultural_machinery,warning,0,0,1,0.0,base.LKR,
mrp_bom_id_5546,1,normal,Jinasena_MasterData_Stock.product_template_tray_hinge_pin,1.0,uom.product_uom_unit,0,all_available,Jinasena_MasterData_Stock.stock_picking_type_manufacturing_505,seed_master_data_and_settings.company_jinasena_agricultural_machinery,warning,0,0,1,0.0,base.LKR,
mrp_bom_id_5547,1,normal,Jinasena_MasterData_Stock.product_template_top_cover_plate,1.0,uom.product_uom_unit,0,all_available,Jinasena_MasterData_Stock.stock_picking_type_manufacturing_505,seed_master_data_and_settings.company_jinasena_agricultural_machinery,warning,0,0,1,0.0,base.LKR,
mrp_bom_id_5548,1,normal,Jinasena_MasterData_Stock.product_template_top_cover_side_plate_l_r,1.0,uom.product_uom_unit,0,all_available,Jinasena_MasterData_Stock.stock_picking_type_manufacturing_505,seed_master_data_and_settings.company_jinasena_agricultural_machinery,warning,0,0,1,0.0,base.LKR,
mrp_bom_id_5549,1,normal,Jinasena_MasterData_Stock.product_template_top_cover_inner_guide_plate,1.0,uom.product_uom_unit,0,all_available,Jinasena_MasterData_Stock.stock_picking_type_manufacturing_505,seed_master_data_and_settings.company_jinasena_agricultural_machinery,warning,0,0,1,0.0,base.LKR,
mrp_bom_id_5550,1,normal,Jinasena_MasterData_Stock.product_template_top_cover_handle_331101,1.0,uom.product_uom_unit,0,all_available,Jinasena_MasterData_Stock.stock_picking_type_manufacturing_505,seed_master_data_and_settings.company_jinasena_agricultural_machinery,warning,0,0,1,0.0,base.LKR,
mrp_bom_id_5553,1,normal,Jinasena_MasterData_Stock.product_template_bottom_suppoters_large,1.0,uom.product_uom_unit,0,all_available,Jinasena_MasterData_Stock.stock_picking_type_manufacturing_505,seed_master_data_and_settings.company_jinasena_agricultural_machinery,warning,0,0,1,0.0,base.LKR,
mrp_bom_id_5554,1,normal,Jinasena_MasterData_Stock.product_template_bottom_suppoters_small,1.0,uom.product_uom_unit,0,all_available,Jinasena_MasterData_Stock.stock_picking_type_manufacturing_505,seed_master_data_and_settings.company_jinasena_agricultural_machinery,warning,0,0,1,0.0,base.LKR,
mrp_bom_id_5555,1,normal,Jinasena_MasterData_Stock.product_template_stip_large,1.0,uom.product_uom_unit,0,all_available,Jinasena_MasterData_Stock.stock_picking_type_manufacturing_505,seed_master_data_and_settings.company_jinasena_agricultural_machinery,warning,0,0,1,0.0,base.LKR,
mrp_bom_id_5556,1,normal,Jinasena_MasterData_Stock.product_template_strip_small,1.0,uom.product_uom_unit,0,all_available,Jinasena_MasterData_Stock.stock_picking_type_manufacturing_505,seed_master_data_and_settings.company_jinasena_agricultural_machinery,warning,0,0,1,0.0,base.LKR,
mrp_bom_id_5557,1,normal,Jinasena_MasterData_Stock.product_template_mesh,1.0,uom.product_uom_unit,0,all_available,Jinasena_MasterData_Stock.stock_picking_type_manufacturing_505,seed_master_data_and_settings.company_jinasena_agricultural_machinery,warning,0,0,1,0.0,base.LKR,
mrp_bom_id_5558,1,normal,Jinasena_MasterData_Stock.product_template_frame_al_large,1.0,uom.product_uom_unit,0,all_available,Jinasena_MasterData_Stock.stock_picking_type_manufacturing_505,seed_master_data_and_settings.company_jinasena_agricultural_machinery,warning,0,0,1,0.0,base.LKR,
mrp_bom_id_5559,1,normal,Jinasena_MasterData_Stock.product_template_frame_al_small,1.0,uom.product_uom_unit,0,all_available,Jinasena_MasterData_Stock.stock_picking_type_manufacturing_505,seed_master_data_and_settings.company_jinasena_agricultural_machinery,warning,0,0,1,0.0,base.LKR,
mrp_bom_id_5560,1,normal,Jinasena_MasterData_Stock.product_template_support_member,1.0,uom.product_uom_unit,0,all_available,Jinasena_MasterData_Stock.stock_picking_type_manufacturing_505,seed_master_data_and_settings.company_jinasena_agricultural_machinery,warning,0,0,1,0.0,base.LKR,
mrp_bom_id_5561,1,normal,Jinasena_MasterData_Stock.product_template_hole_plates,1.0,uom.product_uom_unit,0,all_available,Jinasena_MasterData_Stock.stock_picking_type_manufacturing_505,seed_master_data_and_settings.company_jinasena_agricultural_machinery,warning,0,0,1,0.0,base.LKR,
mrp_bom_id_5562,1,normal,Jinasena_MasterData_Stock.product_template_seed_retaining_plate,1.0,uom.product_uom_unit,0,all_available,Jinasena_MasterData_Stock.stock_picking_type_manufacturing_505,seed_master_data_and_settings.company_jinasena_agricultural_machinery,warning,0,0,1,0.0,base.LKR,
mrp_bom_id_5563,1,normal,Jinasena_MasterData_Stock.product_template_side_cover_plate,1.0,uom.product_uom_unit,0,all_available,Jinasena_MasterData_Stock.stock_picking_type_manufacturing_505,seed_master_data_and_settings.company_jinasena_agricultural_machinery,warning,0,0,1,0.0,base.LKR,
mrp_bom_id_5565,1,normal,Jinasena_MasterData_Stock.product_template_dust_collector,1.0,uom.product_uom_unit,0,all_available,Jinasena_MasterData_Stock.stock_picking_type_manufacturing_505,seed_master_data_and_settings.company_jinasena_agricultural_machinery,warning,0,0,1,0.0,base.LKR,
mrp_bom_id_5566,1,normal,Jinasena_MasterData_Stock.product_template_frame_bottom_plate_1,1.0,uom.product_uom_unit,0,all_available,Jinasena_MasterData_Stock.stock_picking_type_manufacturing_505,seed_master_data_and_settings.company_jinasena_agricultural_machinery,warning,0,0,1,0.0,base.LKR,
mrp_bom_id_5567,1,normal,Jinasena_MasterData_Stock.product_template_d_c_bach_cover_side_plate,1.0,uom.product_uom_unit,0,all_available,Jinasena_MasterData_Stock.stock_picking_type_manufacturing_505,seed_master_data_and_settings.company_jinasena_agricultural_machinery,warning,0,0,1,0.0,base.LKR,
mrp_bom_id_5568,1,normal,Jinasena_MasterData_Stock.product_template_seed_outlet,1.0,uom.product_uom_unit,0,all_available,Jinasena_MasterData_Stock.stock_picking_type_manufacturing_505,seed_master_data_and_settings.company_jinasena_agricultural_machinery,warning,0,0,1,0.0,base.LKR,
mrp_bom_id_5569,1,normal,Jinasena_MasterData_Stock.product_template_seed_outle_bra_strip,1.0,uom.product_uom_unit,0,all_available,Jinasena_MasterData_Stock.stock_picking_type_manufacturing_505,seed_master_data_and_settings.company_jinasena_agricultural_machinery,warning,0,0,1,0.0,base.LKR,
mrp_bom_id_5570,1,normal,Jinasena_MasterData_Stock.product_template_seed_outlet_mount_strip,1.0,uom.product_uom_unit,0,all_available,Jinasena_MasterData_Stock.stock_picking_type_manufacturing_505,seed_master_data_and_settings.company_jinasena_agricultural_machinery,warning,0,0,1,0.0,base.LKR,
mrp_bom_id_5573,1,normal,Jinasena_MasterData_Stock.product_template_dust_hopper_top_h_rd,1.0,uom.product_uom_unit,0,all_available,Jinasena_MasterData_Stock.stock_picking_type_manufacturing_505,seed_master_data_and_settings.company_jinasena_agricultural_machinery,warning,0,0,1,0.0,base.LKR,
mrp_bom_id_5574,1,normal,Jinasena_MasterData_Stock.product_template_dust_hopper_end_h_rd,1.0,uom.product_uom_unit,0,all_available,Jinasena_MasterData_Stock.stock_picking_type_manufacturing_505,seed_master_data_and_settings.company_jinasena_agricultural_machinery,warning,0,0,1,0.0,base.LKR,
mrp_bom_id_5575,1,normal,Jinasena_MasterData_Stock.product_template_seiver_hingers_pin,1.0,uom.product_uom_unit,0,all_available,Jinasena_MasterData_Stock.stock_picking_type_manufacturing_505,seed_master_data_and_settings.company_jinasena_agricultural_machinery,warning,0,0,1,0.0,base.LKR,
mrp_bom_id_5576,1,normal,Jinasena_MasterData_Stock.product_template_hingers_bushes,1.0,uom.product_uom_unit,0,all_available,Jinasena_MasterData_Stock.stock_picking_type_manufacturing_505,seed_master_data_and_settings.company_jinasena_agricultural_machinery,warning,0,0,1,0.0,base.LKR,
mrp_bom_id_5577,1,normal,Jinasena_MasterData_Stock.product_template_hingers_member_a,1.0,uom.product_uom_unit,0,all_available,Jinasena_MasterData_Stock.stock_picking_type_manufacturing_505,seed_master_data_and_settings.company_jinasena_agricultural_machinery,warning,0,0,1,0.0,base.LKR,
mrp_bom_id_5578,1,normal,Jinasena_MasterData_Stock.product_template_hinger_member_a_1,1.0,uom.product_uom_unit,0,all_available,Jinasena_MasterData_Stock.stock_picking_type_manufacturing_505,seed_master_data_and_settings.company_jinasena_agricultural_machinery,warning,0,0,1,0.0,base.LKR,
mrp_bom_id_5579,1,normal,Jinasena_MasterData_Stock.product_template_hinge_member_b,1.0,uom.product_uom_unit,0,all_available,Jinasena_MasterData_Stock.stock_picking_type_manufacturing_505,seed_master_data_and_settings.company_jinasena_agricultural_machinery,warning,0,0,1,0.0,base.LKR,
mrp_bom_id_5581,1,normal,Jinasena_MasterData_Stock.product_template_cross_strip_large,1.0,uom.product_uom_unit,0,all_available,Jinasena_MasterData_Stock.stock_picking_type_manufacturing_505,seed_master_data_and_settings.company_jinasena_agricultural_machinery,warning,0,0,1,0.0,base.LKR,
mrp_bom_id_5585,1,normal,Jinasena_MasterData_Stock.product_template_drum_angles,1.0,uom.product_uom_unit,0,all_available,Jinasena_MasterData_Stock.stock_picking_type_manufacturing_505,seed_master_data_and_settings.company_jinasena_agricultural_machinery,warning,0,0,1,0.0,base.LKR,
mrp_bom_id_5586,1,normal,Jinasena_MasterData_Stock.product_template_side_plate_331139,1.0,uom.product_uom_unit,0,all_available,Jinasena_MasterData_Stock.stock_picking_type_manufacturing_505,seed_master_data_and_settings.company_jinasena_agricultural_machinery,warning,0,0,1,0.0,base.LKR,
mrp_bom_id_5587,1,normal,Jinasena_MasterData_Stock.product_template_pegs,1.0,uom.product_uom_unit,0,all_available,Jinasena_MasterData_Stock.stock_picking_type_manufacturing_505,seed_master_data_and_settings.company_jinasena_agricultural_machinery,warning,0,0,1,0.0,base.LKR,
mrp_bom_id_5588,1,normal,Jinasena_MasterData_Stock.product_template_outlet_rods,1.0,uom.product_uom_unit,0,all_available,Jinasena_MasterData_Stock.stock_picking_type_manufacturing_505,seed_master_data_and_settings.company_jinasena_agricultural_machinery,warning,0,0,1,0.0,base.LKR,
mrp_bom_id_5592,1,normal,Jinasena_MasterData_Stock.product_template_drum_shaft_331145,1.0,uom.product_uom_unit,0,all_available,Jinasena_MasterData_Stock.stock_picking_type_manufacturing_505,seed_master_data_and_settings.company_jinasena_agricultural_machinery,warning,0,0,1,0.0,base.LKR,
mrp_bom_id_5593,1,normal,Jinasena_MasterData_Stock.product_template_reiforcement_strip_a,1.0,uom.product_uom_unit,0,all_available,Jinasena_MasterData_Stock.stock_picking_type_manufacturing_505,seed_master_data_and_settings.company_jinasena_agricultural_machinery,warning,0,0,1,0.0,base.LKR,
mrp_bom_id_5594,1,normal,Jinasena_MasterData_Stock.product_template_reinfocement_strip_b,1.0,uom.product_uom_unit,0,all_available,Jinasena_MasterData_Stock.stock_picking_type_manufacturing_505,seed_master_data_and_settings.company_jinasena_agricultural_machinery,warning,0,0,1,0.0,base.LKR,
mrp_bom_id_5595,1,normal,Jinasena_MasterData_Stock.product_template_reinforcement_strip_c,1.0,uom.product_uom_unit,0,all_available,Jinasena_MasterData_Stock.stock_picking_type_manufacturing_505,seed_master_data_and_settings.company_jinasena_agricultural_machinery,warning,0,0,1,0.0,base.LKR,
mrp_bom_id_5596,1,normal,Jinasena_MasterData_Stock.product_template_reinforcement_strip_d,1.0,uom.product_uom_unit,0,all_available,Jinasena_MasterData_Stock.stock_picking_type_manufacturing_505,seed_master_data_and_settings.company_jinasena_agricultural_machinery,warning,0,0,1,0.0,base.LKR,
mrp_bom_id_5597,1,normal,Jinasena_MasterData_Stock.product_template_reinforcement_strip_e,1.0,uom.product_uom_unit,0,all_available,Jinasena_MasterData_Stock.stock_picking_type_manufacturing_505,seed_master_data_and_settings.company_jinasena_agricultural_machinery,warning,0,0,1,0.0,base.LKR,
mrp_bom_id_5598,1,normal,Jinasena_MasterData_Stock.product_template_reinforcement_strip_f,1.0,uom.product_uom_unit,0,all_available,Jinasena_MasterData_Stock.stock_picking_type_manufacturing_505,seed_master_data_and_settings.company_jinasena_agricultural_machinery,warning,0,0,1,0.0,base.LKR,
mrp_bom_id_5599,1,normal,Jinasena_MasterData_Stock.product_template_reinforcement_strip_g,1.0,uom.product_uom_unit,0,all_available,Jinasena_MasterData_Stock.stock_picking_type_manufacturing_505,seed_master_data_and_settings.company_jinasena_agricultural_machinery,warning,0,0,1,0.0,base.LKR,
mrp_bom_id_5600,1,normal,Jinasena_MasterData_Stock.product_template_side_plate_331153,1.0,uom.product_uom_unit,0,all_available,Jinasena_MasterData_Stock.stock_picking_type_manufacturing_505,seed_master_data_and_settings.company_jinasena_agricultural_machinery,warning,0,0,1,0.0,base.LKR,
mrp_bom_id_5601,1,normal,Jinasena_MasterData_Stock.product_template_bottom_plate,1.0,uom.product_uom_unit,0,all_available,Jinasena_MasterData_Stock.stock_picking_type_manufacturing_505,seed_master_data_and_settings.company_jinasena_agricultural_machinery,warning,0,0,1,0.0,base.LKR,
mrp_bom_id_5602,1,normal,Jinasena_MasterData_Stock.product_template_top_guard_plate,1.0,uom.product_uom_unit,0,all_available,Jinasena_MasterData_Stock.stock_picking_type_manufacturing_505,seed_master_data_and_settings.company_jinasena_agricultural_machinery,warning,0,0,1,0.0,base.LKR,
mrp_bom_id_5603,1,normal,Jinasena_MasterData_Stock.product_template_tray_hinge_bush,1.0,uom.product_uom_unit,0,all_available,Jinasena_MasterData_Stock.stock_picking_type_manufacturing_505,seed_master_data_and_settings.company_jinasena_agricultural_machinery,warning,0,0,1,0.0,base.LKR,
mrp_bom_id_5604,1,normal,Jinasena_MasterData_Stock.product_template_outlet_plate_331157,1.0,uom.product_uom_unit,0,all_available,Jinasena_MasterData_Stock.stock_picking_type_manufacturing_505,seed_master_data_and_settings.company_jinasena_agricultural_machinery,warning,0,0,1,0.0,base.LKR,
mrp_bom_id_5605,1,normal,Jinasena_MasterData_Stock.product_template_frame_angle_2,1.0,uom.product_uom_unit,0,all_available,Jinasena_MasterData_Stock.stock_picking_type_manufacturing_505,seed_master_data_and_settings.company_jinasena_agricultural_machinery,warning,0,0,1,0.0,base.LKR,
mrp_bom_id_5606,1,normal,Jinasena_MasterData_Stock.product_template_frame_angle_3,1.0,uom.product_uom_unit,0,all_available,Jinasena_MasterData_Stock.stock_picking_type_manufacturing_505,seed_master_data_and_settings.company_jinasena_agricultural_machinery,warning,0,0,1,0.0,base.LKR,
mrp_bom_id_5607,1,normal,Jinasena_MasterData_Stock.product_template_hing_bush_331160,1.0,uom.product_uom_unit,0,all_available,Jinasena_MasterData_Stock.stock_picking_type_manufacturing_505,seed_master_data_and_settings.company_jinasena_agricultural_machinery,warning,0,0,1,0.0,base.LKR,
mrp_bom_id_5608,1,normal,Jinasena_MasterData_Stock.product_template_hanging_rod,1.0,uom.product_uom_unit,0,all_available,Jinasena_MasterData_Stock.stock_picking_type_manufacturing_505,seed_master_data_and_settings.company_jinasena_agricultural_machinery,warning,0,0,1,0.0,base.LKR,
mrp_bom_id_5609,1,normal,Jinasena_MasterData_Stock.product_template_frame_member_1,1.0,uom.product_uom_unit,0,all_available,Jinasena_MasterData_Stock.stock_picking_type_manufacturing_505,seed_master_data_and_settings.company_jinasena_agricultural_machinery,warning,0,0,1,0.0,base.LKR,
mrp_bom_id_5610,1,normal,Jinasena_MasterData_Stock.product_template_frame_member_2,1.0,uom.product_uom_unit,0,all_available,Jinasena_MasterData_Stock.stock_picking_type_manufacturing_505,seed_master_data_and_settings.company_jinasena_agricultural_machinery,warning,0,0,1,0.0,base.LKR,
mrp_bom_id_5611,1,normal,Jinasena_MasterData_Stock.product_template_frame_member_3,1.0,uom.product_uom_unit,0,all_available,Jinasena_MasterData_Stock.stock_picking_type_manufacturing_505,seed_master_data_and_settings.company_jinasena_agricultural_machinery,warning,0,0,1,0.0,base.LKR,
mrp_bom_id_5612,1,normal,Jinasena_MasterData_Stock.product_template_member_connector_1,1.0,uom.product_uom_unit,0,all_available,Jinasena_MasterData_Stock.stock_picking_type_manufacturing_505,seed_master_data_and_settings.company_jinasena_agricultural_machinery,warning,0,0,1,0.0,base.LKR,
mrp_bom_id_5613,1,normal,Jinasena_MasterData_Stock.product_template_member_connector_2,1.0,uom.product_uom_unit,0,all_available,Jinasena_MasterData_Stock.stock_picking_type_manufacturing_505,seed_master_data_and_settings.company_jinasena_agricultural_machinery,warning,0,0,1,0.0,base.LKR,
mrp_bom_id_5614,1,normal,Jinasena_MasterData_Stock.product_template_member_connector_3,1.0,uom.product_uom_unit,0,all_available,Jinasena_MasterData_Stock.stock_picking_type_manufacturing_505,seed_master_data_and_settings.company_jinasena_agricultural_machinery,warning,0,0,1,0.0,base.LKR,
mrp_bom_id_5615,1,normal,Jinasena_MasterData_Stock.product_template_u_clamp,1.0,uom.product_uom_unit,0,all_available,Jinasena_MasterData_Stock.stock_picking_type_manufacturing_505,seed_master_data_and_settings.company_jinasena_agricultural_machinery,warning,0,0,1,0.0,base.LKR,
mrp_bom_id_5616,1,normal,Jinasena_MasterData_Stock.product_template_handle_bar_331169,1.0,uom.product_uom_unit,0,all_available,Jinasena_MasterData_Stock.stock_picking_type_manufacturing_505,seed_master_data_and_settings.company_jinasena_agricultural_machinery,warning,0,0,1,0.0,base.LKR,
mrp_bom_id_5618,1,normal,Jinasena_MasterData_Stock.product_template_stand_base_331171,1.0,uom.product_uom_unit,0,all_available,Jinasena_MasterData_Stock.stock_picking_type_manufacturing_505,seed_master_data_and_settings.company_jinasena_agricultural_machinery,warning,0,0,1,0.0,base.LKR,
mrp_bom_id_5619,1,normal,Jinasena_MasterData_Stock.product_template_eccentic_shaft,1.0,uom.product_uom_unit,0,all_available,Jinasena_MasterData_Stock.stock_picking_type_manufacturing_505,seed_master_data_and_settings.company_jinasena_agricultural_machinery,warning,0,0,1,0.0,base.LKR,
mrp_bom_id_5621,1,normal,Jinasena_MasterData_Stock.product_template_lugs_for_bearing_housing,1.0,uom.product_uom_unit,0,all_available,Jinasena_MasterData_Stock.stock_picking_type_manufacturing_505,seed_master_data_and_settings.company_jinasena_agricultural_machinery,warning,0,0,1,0.0,base.LKR,
mrp_bom_id_5622,1,normal,Jinasena_MasterData_Stock.product_template_tread_holder_bush,1.0,uom.product_uom_unit,0,all_available,Jinasena_MasterData_Stock.stock_picking_type_manufacturing_505,seed_master_data_and_settings.company_jinasena_agricultural_machinery,warning,0,0,1,0.0,base.LKR,
mrp_bom_id_5623,1,normal,Jinasena_MasterData_Stock.product_template_thread_holder_pin,1.0,uom.product_uom_unit,0,all_available,Jinasena_MasterData_Stock.stock_picking_type_manufacturing_505,seed_master_data_and_settings.company_jinasena_agricultural_machinery,warning,0,0,1,0.0,base.LKR,
mrp_bom_id_5624,1,normal,Jinasena_MasterData_Stock.product_template_tread_holder,1.0,uom.product_uom_unit,0,all_available,Jinasena_MasterData_Stock.stock_picking_type_manufacturing_505,seed_master_data_and_settings.company_jinasena_agricultural_machinery,warning,0,0,1,0.0,base.LKR,
mrp_bom_id_5627,1,normal,Jinasena_MasterData_Stock.product_template_bush_bolt,1.0,uom.product_uom_unit,0,all_available,Jinasena_MasterData_Stock.stock_picking_type_manufacturing_505,seed_master_data_and_settings.company_jinasena_agricultural_machinery,warning,0,0,1,0.0,base.LKR,
mrp_bom_id_5628,1,normal,Jinasena_MasterData_Stock.product_template_swing_plate,1.0,uom.product_uom_unit,0,all_available,Jinasena_MasterData_Stock.stock_picking_type_manufacturing_505,seed_master_data_and_settings.company_jinasena_agricultural_machinery,warning,0,0,1,0.0,base.LKR,
mrp_bom_id_5629,1,normal,Jinasena_MasterData_Stock.product_template_swing_plate_bush,1.0,uom.product_uom_unit,0,all_available,Jinasena_MasterData_Stock.stock_picking_type_manufacturing_505,seed_master_data_and_settings.company_jinasena_agricultural_machinery,warning,0,0,1,0.0,base.LKR,
mrp_bom_id_5630,1,normal,Jinasena_MasterData_Stock.product_template_siever_connecting_arm,1.0,uom.product_uom_unit,0,all_available,Jinasena_MasterData_Stock.stock_picking_type_manufacturing_505,seed_master_data_and_settings.company_jinasena_agricultural_machinery,warning,0,0,1,0.0,base.LKR,
mrp_bom_id_5632,1,normal,Jinasena_MasterData_Stock.product_template_split_coller,1.0,uom.product_uom_unit,0,all_available,Jinasena_MasterData_Stock.stock_picking_type_manufacturing_505,seed_master_data_and_settings.company_jinasena_agricultural_machinery,warning,0,0,1,0.0,base.LKR,
mrp_bom_id_5633,1,normal,Jinasena_MasterData_Stock.product_template_lugs_for_split_coller,1.0,uom.product_uom_unit,0,all_available,Jinasena_MasterData_Stock.stock_picking_type_manufacturing_505,seed_master_data_and_settings.company_jinasena_agricultural_machinery,warning,0,0,1,0.0,base.LKR,
mrp_bom_id_5634,1,normal,Jinasena_MasterData_Stock.product_template_outlet_coller_of_split_bush,1.0,uom.product_uom_unit,0,all_available,Jinasena_MasterData_Stock.stock_picking_type_manufacturing_505,seed_master_data_and_settings.company_jinasena_agricultural_machinery,warning,0,0,1,0.0,base.LKR,
mrp_bom_id_5635,1,normal,Jinasena_MasterData_Stock.product_template_inner_coller_of_outlet_bush,1.0,uom.product_uom_unit,0,all_available,Jinasena_MasterData_Stock.stock_picking_type_manufacturing_505,seed_master_data_and_settings.company_jinasena_agricultural_machinery,warning,0,0,1,0.0,base.LKR,
mrp_bom_id_5636,1,normal,Jinasena_MasterData_Stock.product_template_sieve_connecting_road,1.0,uom.product_uom_unit,0,all_available,Jinasena_MasterData_Stock.stock_picking_type_manufacturing_505,seed_master_data_and_settings.company_jinasena_agricultural_machinery,warning,0,0,1,0.0,base.LKR,
mrp_bom_id_5637,1,normal,Jinasena_MasterData_Stock.product_template_bracket_c_for_connecting_rod,1.0,uom.product_uom_unit,0,all_available,Jinasena_MasterData_Stock.stock_picking_type_manufacturing_505,seed_master_data_and_settings.company_jinasena_agricultural_machinery,warning,0,0,1,0.0,base.LKR,
mrp_bom_id_5638,1,normal,Jinasena_MasterData_Stock.product_template_coller_bush_for_bracket_a_b_c,1.0,uom.product_uom_unit,0,all_available,Jinasena_MasterData_Stock.stock_picking_type_manufacturing_505,seed_master_data_and_settings.company_jinasena_agricultural_machinery,warning,0,0,1,0.0,base.LKR,
mrp_bom_id_5639,1,normal,Jinasena_MasterData_Stock.product_template_bracket_pin_a_b,1.0,uom.product_uom_unit,0,all_available,Jinasena_MasterData_Stock.stock_picking_type_manufacturing_505,seed_master_data_and_settings.company_jinasena_agricultural_machinery,warning,0,0,1,0.0,base.LKR,
mrp_bom_id_5640,1,normal,Jinasena_MasterData_Stock.product_template_swing_plate_holding_pin,1.0,uom.product_uom_unit,0,all_available,Jinasena_MasterData_Stock.stock_picking_type_manufacturing_505,seed_master_data_and_settings.company_jinasena_agricultural_machinery,warning,0,0,1,0.0,base.LKR,
mrp_bom_id_5641,1,normal,Jinasena_MasterData_Stock.product_template_ribs_331217,1.0,uom.product_uom_unit,0,all_available,Jinasena_MasterData_Stock.stock_picking_type_manufacturing_505,seed_master_data_and_settings.company_jinasena_agricultural_machinery,warning,0,0,1,0.0,base.LKR,
mrp_bom_id_5644,1,normal,Jinasena_MasterData_Stock.product_template_seeds_collecting_plate_1,1.0,uom.product_uom_unit,0,all_available,Jinasena_MasterData_Stock.stock_picking_type_manufacturing_505,seed_master_data_and_settings.company_jinasena_agricultural_machinery,warning,0,0,1,0.0,base.LKR,
mrp_bom_id_5645,1,normal,Jinasena_MasterData_Stock.product_template_seeds_collecting_plate_2,1.0,uom.product_uom_unit,0,all_available,Jinasena_MasterData_Stock.stock_picking_type_manufacturing_505,seed_master_data_and_settings.company_jinasena_agricultural_machinery,warning,0,0,1,0.0,base.LKR,
mrp_bom_id_5650,1,normal,Jinasena_MasterData_Stock.product_template_rubber_guard_holder_pin,1.0,uom.product_uom_unit,0,all_available,Jinasena_MasterData_Stock.stock_picking_type_manufacturing_505,seed_master_data_and_settings.company_jinasena_agricultural_machinery,warning,0,0,1,0.0,base.LKR,
mrp_bom_id_5651,1,normal,Jinasena_MasterData_Stock.product_template_corn_thresher_fmrc_model_with_10hp_varia,1.0,uom.product_uom_unit,0,all_available,Jinasena_MasterData_Stock.stock_picking_type_manufacturing_505,seed_master_data_and_settings.company_jinasena_agricultural_machinery,warning,0,0,1,0.0,base.LKR,
mrp_bom_id_6002,1,normal,Jinasena_MasterData_Stock.product_template_column_1l_1r,1.0,uom.product_uom_unit,0,all_available,Jinasena_MasterData_Stock.stock_picking_type_manufacturing_505,seed_master_data_and_settings.company_jinasena_agricultural_machinery,warning,0,0,1,0.0,base.LKR,
mrp_bom_id_6005,1,normal,Jinasena_MasterData_Stock.product_template_bottom_angle_4l_4r,1.0,uom.product_uom_unit,0,all_available,Jinasena_MasterData_Stock.stock_picking_type_manufacturing_505,seed_master_data_and_settings.company_jinasena_agricultural_machinery,warning,0,0,1,0.0,base.LKR,
mrp_bom_id_6023,1,normal,Jinasena_MasterData_Stock.product_template_concave_ribs,1.0,uom.product_uom_unit,0,all_available,Jinasena_MasterData_Stock.stock_picking_type_manufacturing_505,seed_master_data_and_settings.company_jinasena_agricultural_machinery,warning,0,0,1,0.0,base.LKR,
mrp_bom_id_6032,1,normal,Jinasena_MasterData_Stock.product_template_back_cover_plate,1.0,uom.product_uom_unit,0,all_available,Jinasena_MasterData_Stock.stock_picking_type_manufacturing_505,seed_master_data_and_settings.company_jinasena_agricultural_machinery,warning,0,0,1,0.0,base.LKR,
mrp_bom_id_6036,1,normal,Jinasena_MasterData_Stock.product_template_column_cover_plate,1.0,uom.product_uom_unit,0,all_available,Jinasena_MasterData_Stock.stock_picking_type_manufacturing_505,seed_master_data_and_settings.company_jinasena_agricultural_machinery,warning,0,0,1,0.0,base.LKR,
mrp_bom_id_6079,1,normal,Jinasena_MasterData_Stock.product_template_chute_guide_strip,1.0,uom.product_uom_unit,0,all_available,Jinasena_MasterData_Stock.stock_picking_type_manufacturing_505,seed_master_data_and_settings.company_jinasena_agricultural_machinery,warning,0,0,1,0.0,base.LKR,
mrp_bom_id_6087,1,normal,Jinasena_MasterData_Stock.product_template_bearing_hunge_plate,1.0,uom.product_uom_unit,0,all_available,Jinasena_MasterData_Stock.stock_picking_type_manufacturing_505,seed_master_data_and_settings.company_jinasena_agricultural_machinery,warning,0,0,1,0.0,base.LKR,
mrp_bom_id_6089,1,normal,Jinasena_MasterData_Stock.product_template_cross_strip_small,1.0,uom.product_uom_unit,0,all_available,Jinasena_MasterData_Stock.stock_picking_type_manufacturing_505,seed_master_data_and_settings.company_jinasena_agricultural_machinery,warning,0,0,1,0.0,base.LKR,
mrp_bom_id_6090,1,normal,Jinasena_MasterData_Stock.product_template_drum_bush_331136,1.0,uom.product_uom_unit,0,all_available,Jinasena_MasterData_Stock.stock_picking_type_manufacturing_505,seed_master_data_and_settings.company_jinasena_agricultural_machinery,warning,0,0,1,0.0,base.LKR,
mrp_bom_id_6091,1,normal,Jinasena_MasterData_Stock.product_template_cross_reinforcement_plate,1.0,uom.product_uom_unit,0,all_available,Jinasena_MasterData_Stock.stock_picking_type_manufacturing_505,seed_master_data_and_settings.company_jinasena_agricultural_machinery,warning,0,0,1,0.0,base.LKR,
mrp_bom_id_6124,1,normal,Jinasena_MasterData_Stock.product_template_bracket_stand,1.0,uom.product_uom_unit,0,all_available,Jinasena_MasterData_Stock.stock_picking_type_manufacturing_505,seed_master_data_and_settings.company_jinasena_agricultural_machinery,warning,0,0,1,0.0,base.LKR,
mrp_bom_id_6133,1,normal,Jinasena_MasterData_Stock.product_template_ajduster_mounting_bracket_a,1.0,uom.product_uom_unit,0,all_available,Jinasena_MasterData_Stock.stock_picking_type_manufacturing_505,seed_master_data_and_settings.company_jinasena_agricultural_machinery,warning,0,0,1,0.0,base.LKR,
mrp_bom_id_6138,1,normal,Jinasena_MasterData_Stock.product_template_arm_bracket_b_to_swing_plate,1.0,uom.product_uom_unit,0,all_available,Jinasena_MasterData_Stock.stock_picking_type_manufacturing_505,seed_master_data_and_settings.company_jinasena_agricultural_machinery,warning,0,0,1,0.0,base.LKR,
mrp_bom_id_6150,1,normal,Jinasena_MasterData_Stock.product_template_concave_ribs_2,1.0,uom.product_uom_unit,0,all_available,Jinasena_MasterData_Stock.stock_picking_type_manufacturing_505,seed_master_data_and_settings.company_jinasena_agricultural_machinery,warning,0,0,1,0.0,base.LKR,
mrp_bom_id_6153,1,normal,Jinasena_MasterData_Stock.product_template_coller_bush,1.0,uom.product_uom_unit,0,all_available,Jinasena_MasterData_Stock.stock_picking_type_manufacturing_505,seed_master_data_and_settings.company_jinasena_agricultural_machinery,warning,0,0,1,0.0,base.LKR,
mrp_bom_id_6155,1,normal,Jinasena_MasterData_Stock.product_template_coller_bush_pin_2,1.0,uom.product_uom_unit,0,all_available,Jinasena_MasterData_Stock.stock_picking_type_manufacturing_505,seed_master_data_and_settings.company_jinasena_agricultural_machinery,warning,0,0,1,0.0,base.LKR,
mrp_bom_id_6156,1,normal,Jinasena_MasterData_Stock.product_template_bubber_guard_holder,1.0,uom.product_uom_unit,0,all_available,Jinasena_MasterData_Stock.stock_picking_type_manufacturing_505,seed_master_data_and_settings.company_jinasena_agricultural_machinery,warning,0,0,1,0.0,base.LKR,
mrp_bom_id_6158,1,normal,Jinasena_MasterData_Stock.product_template_10_hp_electric_corn_thresher_fmrc_model_,1.0,uom.product_uom_unit,0,all_available,Jinasena_MasterData_Stock.stock_picking_type_manufacturing_505,seed_master_data_and_settings.company_jinasena_agricultural_machinery,warning,0,0,1,0.0,base.LKR,
mrp_bom_id_6328,1,normal,Jinasena_MasterData_Stock.product_template_cob_outlet_assembly,1.0,uom.product_uom_unit,0,all_available,Jinasena_MasterData_Stock.stock_picking_type_manufacturing_505,seed_master_data_and_settings.company_jinasena_agricultural_machinery,warning,0,0,1,0.0,base.LKR,
mrp_bom_id_6339,1,normal,Jinasena_MasterData_Stock.product_template_column_2l_2r,1.0,uom.product_uom_unit,0,all_available,Jinasena_MasterData_Stock.stock_picking_type_manufacturing_505,seed_master_data_and_settings.company_jinasena_agricultural_machinery,warning,0,0,1,0.0,base.LKR,
mrp_bom_id_6340,1,normal,Jinasena_MasterData_Stock.product_template_bottom_angle_3f_3b,1.0,uom.product_uom_unit,0,all_available,Jinasena_MasterData_Stock.stock_picking_type_manufacturing_505,seed_master_data_and_settings.company_jinasena_agricultural_machinery,warning,0,0,1,0.0,base.LKR,
mrp_bom_id_6346,1,normal,Jinasena_MasterData_Stock.product_template_bearing_bracket_9l_9r,1.0,uom.product_uom_unit,0,all_available,Jinasena_MasterData_Stock.stock_picking_type_manufacturing_505,seed_master_data_and_settings.company_jinasena_agricultural_machinery,warning,0,0,1,0.0,base.LKR,
mrp_bom_id_6360,1,normal,Jinasena_MasterData_Stock.product_template_concave_rods,1.0,uom.product_uom_unit,0,all_available,Jinasena_MasterData_Stock.stock_picking_type_manufacturing_505,seed_master_data_and_settings.company_jinasena_agricultural_machinery,warning,0,0,1,0.0,base.LKR,
mrp_bom_id_6394,1,normal,Jinasena_MasterData_Stock.product_template_bottom_al_large,1.0,uom.product_uom_unit,0,all_available,Jinasena_MasterData_Stock.stock_picking_type_manufacturing_505,seed_master_data_and_settings.company_jinasena_agricultural_machinery,warning,0,0,1,0.0,base.LKR,
mrp_bom_id_6395,1,normal,Jinasena_MasterData_Stock.product_template_bottom_al_small,1.0,uom.product_uom_unit,0,all_available,Jinasena_MasterData_Stock.stock_picking_type_manufacturing_505,seed_master_data_and_settings.company_jinasena_agricultural_machinery,warning,0,0,1,0.0,base.LKR,
mrp_bom_id_6407,1,normal,Jinasena_MasterData_Stock.product_template_back_cover_plate_331116,1.0,uom.product_uom_unit,0,all_available,Jinasena_MasterData_Stock.stock_picking_type_manufacturing_505,seed_master_data_and_settings.company_jinasena_agricultural_machinery,warning,0,0,1,0.0,base.LKR,
mrp_bom_id_6432,1,normal,Jinasena_MasterData_Stock.product_template_cover_plates_a,1.0,uom.product_uom_unit,0,all_available,Jinasena_MasterData_Stock.stock_picking_type_manufacturing_505,seed_master_data_and_settings.company_jinasena_agricultural_machinery,warning,0,0,1,0.0,base.LKR,
mrp_bom_id_6433,1,normal,Jinasena_MasterData_Stock.product_template_cover_plate_b_331143,1.0,uom.product_uom_unit,0,all_available,Jinasena_MasterData_Stock.stock_picking_type_manufacturing_505,seed_master_data_and_settings.company_jinasena_agricultural_machinery,warning,0,0,1,0.0,base.LKR,
mrp_bom_id_6434,1,normal,Jinasena_MasterData_Stock.product_template_cover_plate_c,1.0,uom.product_uom_unit,0,all_available,Jinasena_MasterData_Stock.stock_picking_type_manufacturing_505,seed_master_data_and_settings.company_jinasena_agricultural_machinery,warning,0,0,1,0.0,base.LKR,
mrp_bom_id_6463,1,normal,Jinasena_MasterData_Stock.product_template_bearing_housing,1.0,uom.product_uom_unit,0,all_available,Jinasena_MasterData_Stock.stock_picking_type_manufacturing_505,seed_master_data_and_settings.company_jinasena_agricultural_machinery,warning,0,0,1,0.0,base.LKR,
mrp_bom_id_6468,1,normal,Jinasena_MasterData_Stock.product_template_adjuster,1.0,uom.product_uom_unit,0,all_available,Jinasena_MasterData_Stock.stock_picking_type_manufacturing_505,seed_master_data_and_settings.company_jinasena_agricultural_machinery,warning,0,0,1,0.0,base.LKR,
mrp_bom_id_6485,1,normal,Jinasena_MasterData_Stock.product_template_concave_ribs_1,1.0,uom.product_uom_unit,0,all_available,Jinasena_MasterData_Stock.stock_picking_type_manufacturing_505,seed_master_data_and_settings.company_jinasena_agricultural_machinery,warning,0,0,1,0.0,base.LKR,
mrp_bom_id_6490,1,normal,Jinasena_MasterData_Stock.product_template_coller_bush_pin1,1.0,uom.product_uom_unit,0,all_available,Jinasena_MasterData_Stock.stock_picking_type_manufacturing_505,seed_master_data_and_settings.company_jinasena_agricultural_machinery,warning,0,0,1,0.0,base.LKR,
mrp_bom_id_6494,1,normal,Jinasena_MasterData_Stock.product_template_corn_thresher_fmrc_model,1.0,uom.product_uom_unit,0,all_available,Jinasena_MasterData_Stock.stock_picking_type_manufacturing_505,seed_master_data_and_settings.company_jinasena_agricultural_machinery,warning,0,0,1,0.0,base.LKR,
mrp_bom_id_6579,1,normal,Jinasena_MasterData_Stock.product_template_frame_base_angle_01,1.0,uom.product_uom_unit,0,all_available,Jinasena_MasterData_Stock.stock_picking_type_manufacturing_505,seed_master_data_and_settings.company_jinasena_agricultural_machinery,warning,0,0,1,0.0,base.LKR,
mrp_bom_id_6580,1,normal,Jinasena_MasterData_Stock.product_template_frame_column_angle_331386,1.0,uom.product_uom_unit,0,all_available,Jinasena_MasterData_Stock.stock_picking_type_manufacturing_505,seed_master_data_and_settings.company_jinasena_agricultural_machinery,warning,0,0,1,0.0,base.LKR,
mrp_bom_id_6581,1,normal,Jinasena_MasterData_Stock.product_template_main_bodyy_plate_01,1.0,uom.product_uom_unit,0,all_available,Jinasena_MasterData_Stock.stock_picking_type_manufacturing_505,seed_master_data_and_settings.company_jinasena_agricultural_machinery,warning,0,0,1,0.0,base.LKR,
mrp_bom_id_6582,1,normal,Jinasena_MasterData_Stock.product_template_main_bodyy_plate_02,1.0,uom.product_uom_unit,0,all_available,Jinasena_MasterData_Stock.stock_picking_type_manufacturing_505,seed_master_data_and_settings.company_jinasena_agricultural_machinery,warning,0,0,1,0.0,base.LKR,
mrp_bom_id_6583,1,normal,Jinasena_MasterData_Stock.product_template_main_bodyy_plate_03,1.0,uom.product_uom_unit,0,all_available,Jinasena_MasterData_Stock.stock_picking_type_manufacturing_505,seed_master_data_and_settings.company_jinasena_agricultural_machinery,warning,0,0,1,0.0,base.LKR,
mrp_bom_id_6584,1,normal,Jinasena_MasterData_Stock.product_template_concave_plate_331390,1.0,uom.product_uom_unit,0,all_available,Jinasena_MasterData_Stock.stock_picking_type_manufacturing_505,seed_master_data_and_settings.company_jinasena_agricultural_machinery,warning,0,0,1,0.0,base.LKR,
mrp_bom_id_6585,1,normal,Jinasena_MasterData_Stock.product_template_hop_unit_align_strip,1.0,uom.product_uom_unit,0,all_available,Jinasena_MasterData_Stock.stock_picking_type_manufacturing_505,seed_master_data_and_settings.company_jinasena_agricultural_machinery,warning,0,0,1,0.0,base.LKR,
mrp_bom_id_6586,1,normal,Jinasena_MasterData_Stock.product_template_outlet_door,1.0,uom.product_uom_unit,0,all_available,Jinasena_MasterData_Stock.stock_picking_type_manufacturing_505,seed_master_data_and_settings.company_jinasena_agricultural_machinery,warning,0,0,1,0.0,base.LKR,
mrp_bom_id_6587,1,normal,Jinasena_MasterData_Stock.product_template_outlet_door_ss_cover,1.0,uom.product_uom_unit,0,all_available,Jinasena_MasterData_Stock.stock_picking_type_manufacturing_505,seed_master_data_and_settings.company_jinasena_agricultural_machinery,warning,0,0,1,0.0,base.LKR,
mrp_bom_id_6588,1,normal,Jinasena_MasterData_Stock.product_template_door_sides,1.0,uom.product_uom_unit,0,all_available,Jinasena_MasterData_Stock.stock_picking_type_manufacturing_505,seed_master_data_and_settings.company_jinasena_agricultural_machinery,warning,0,0,1,0.0,base.LKR,
mrp_bom_id_6589,1,normal,Jinasena_MasterData_Stock.product_template_outlet,1.0,uom.product_uom_unit,0,all_available,Jinasena_MasterData_Stock.stock_picking_type_manufacturing_505,seed_master_data_and_settings.company_jinasena_agricultural_machinery,warning,0,0,1,0.0,base.LKR,
mrp_bom_id_6590,1,normal,Jinasena_MasterData_Stock.product_template_puley_guard_round_plate,1.0,uom.product_uom_unit,0,all_available,Jinasena_MasterData_Stock.stock_picking_type_manufacturing_505,seed_master_data_and_settings.company_jinasena_agricultural_machinery,warning,0,0,1,0.0,base.LKR,
mrp_bom_id_6591,1,normal,Jinasena_MasterData_Stock.product_template_puley_guard_plate,1.0,uom.product_uom_unit,0,all_available,Jinasena_MasterData_Stock.stock_picking_type_manufacturing_505,seed_master_data_and_settings.company_jinasena_agricultural_machinery,warning,0,0,1,0.0,base.LKR,
mrp_bom_id_6592,1,normal,Jinasena_MasterData_Stock.product_template_mesh_331398,1.0,uom.product_uom_unit,0,all_available,Jinasena_MasterData_Stock.stock_picking_type_manufacturing_760,seed_master_data_and_settings.company_jinasena_agricultural_machinery,warning,0,0,1,0.0,base.LKR,
mrp_bom_id_6593,1,normal,Jinasena_MasterData_Stock.product_template_hop_cover_1,1.0,uom.product_uom_unit,0,all_available,Jinasena_MasterData_Stock.stock_picking_type_manufacturing_505,seed_master_data_and_settings.company_jinasena_agricultural_machinery,warning,0,0,1,0.0,base.LKR,
mrp_bom_id_6594,1,normal,Jinasena_MasterData_Stock.product_template_hop_cover_2,1.0,uom.product_uom_unit,0,all_available,Jinasena_MasterData_Stock.stock_picking_type_manufacturing_505,seed_master_data_and_settings.company_jinasena_agricultural_machinery,warning,0,0,1,0.0,base.LKR,
mrp_bom_id_6595,1,normal,Jinasena_MasterData_Stock.product_template_hop_cover_3,1.0,uom.product_uom_unit,0,all_available,Jinasena_MasterData_Stock.stock_picking_type_manufacturing_505,seed_master_data_and_settings.company_jinasena_agricultural_machinery,warning,0,0,1,0.0,base.LKR,
mrp_bom_id_6596,1,normal,Jinasena_MasterData_Stock.product_template_hop_top_cover_1,1.0,uom.product_uom_unit,0,all_available,Jinasena_MasterData_Stock.stock_picking_type_manufacturing_505,seed_master_data_and_settings.company_jinasena_agricultural_machinery,warning,0,0,1,0.0,base.LKR,
mrp_bom_id_6597,1,normal,Jinasena_MasterData_Stock.product_template_hop_top_cover_2,1.0,uom.product_uom_unit,0,all_available,Jinasena_MasterData_Stock.stock_picking_type_manufacturing_505,seed_master_data_and_settings.company_jinasena_agricultural_machinery,warning,0,0,1,0.0,base.LKR,
mrp_bom_id_6598,1,normal,Jinasena_MasterData_Stock.product_template_hop_peg_rainf,1.0,uom.product_uom_unit,0,all_available,Jinasena_MasterData_Stock.stock_picking_type_manufacturing_505,seed_master_data_and_settings.company_jinasena_agricultural_machinery,warning,0,0,1,0.0,base.LKR,
mrp_bom_id_6599,1,normal,Jinasena_MasterData_Stock.product_template_column_foot,1.0,uom.product_uom_unit,0,all_available,Jinasena_MasterData_Stock.stock_picking_type_manufacturing_505,seed_master_data_and_settings.company_jinasena_agricultural_machinery,warning,0,0,1,0.0,base.LKR,
mrp_bom_id_6600,1,normal,Jinasena_MasterData_Stock.product_template_handle_bar_331407,1.0,uom.product_uom_unit,0,all_available,Jinasena_MasterData_Stock.stock_picking_type_manufacturing_505,seed_master_data_and_settings.company_jinasena_agricultural_machinery,warning,0,0,1,0.0,base.LKR,
mrp_bom_id_6601,1,normal,Jinasena_MasterData_Stock.product_template_handle_joint_bar_331408,1.0,uom.product_uom_unit,0,all_available,Jinasena_MasterData_Stock.stock_picking_type_manufacturing_505,seed_master_data_and_settings.company_jinasena_agricultural_machinery,warning,0,0,1,0.0,base.LKR,
mrp_bom_id_6602,1,normal,Jinasena_MasterData_Stock.product_template_wheel_fixing_rod_331409,1.0,uom.product_uom_unit,0,all_available,Jinasena_MasterData_Stock.stock_picking_type_manufacturing_505,seed_master_data_and_settings.company_jinasena_agricultural_machinery,warning,0,0,1,0.0,base.LKR,
mrp_bom_id_6603,1,normal,Jinasena_MasterData_Stock.product_template_hopper_hinges,1.0,uom.product_uom_unit,0,all_available,Jinasena_MasterData_Stock.stock_picking_type_manufacturing_505,seed_master_data_and_settings.company_jinasena_agricultural_machinery,warning,0,0,1,0.0,base.LKR,
mrp_bom_id_6604,1,normal,Jinasena_MasterData_Stock.product_template_handle_pin_outlet_door,1.0,uom.product_uom_unit,0,all_available,Jinasena_MasterData_Stock.stock_picking_type_manufacturing_505,seed_master_data_and_settings.company_jinasena_agricultural_machinery,warning,0,0,1,0.0,base.LKR,
mrp_bom_id_6605,1,normal,Jinasena_MasterData_Stock.product_template_outlet_door_rairforce,1.0,uom.product_uom_unit,0,all_available,Jinasena_MasterData_Stock.stock_picking_type_manufacturing_505,seed_master_data_and_settings.company_jinasena_agricultural_machinery,warning,0,0,1,0.0,base.LKR,
mrp_bom_id_6606,1,normal,Jinasena_MasterData_Stock.product_template_door_handle,1.0,uom.product_uom_unit,0,all_available,Jinasena_MasterData_Stock.stock_picking_type_manufacturing_505,seed_master_data_and_settings.company_jinasena_agricultural_machinery,warning,0,0,1,0.0,base.LKR,
mrp_bom_id_6607,1,normal,Jinasena_MasterData_Stock.product_template_bottom_pegs,1.0,uom.product_uom_unit,0,all_available,Jinasena_MasterData_Stock.stock_picking_type_manufacturing_505,seed_master_data_and_settings.company_jinasena_agricultural_machinery,warning,0,0,1,0.0,base.LKR,
mrp_bom_id_6608,1,normal,Jinasena_MasterData_Stock.product_template_drum_pipe_331415,1.0,uom.product_uom_unit,0,all_available,Jinasena_MasterData_Stock.stock_picking_type_manufacturing_505,seed_master_data_and_settings.company_jinasena_agricultural_machinery,warning,0,0,1,0.0,base.LKR,
mrp_bom_id_6609,1,normal,Jinasena_MasterData_Stock.product_template_drum_bush_331416,1.0,uom.product_uom_unit,0,all_available,Jinasena_MasterData_Stock.stock_picking_type_manufacturing_505,seed_master_data_and_settings.company_jinasena_agricultural_machinery,warning,0,0,1,0.0,base.LKR,
mrp_bom_id_6610,1,normal,Jinasena_MasterData_Stock.product_template_drum_pegs_331417,1.0,uom.product_uom_unit,0,all_available,Jinasena_MasterData_Stock.stock_picking_type_manufacturing_505,seed_master_data_and_settings.company_jinasena_agricultural_machinery,warning,0,0,1,0.0,base.LKR,
mrp_bom_id_6611,1,normal,Jinasena_MasterData_Stock.product_template_drum_pegs_cross,1.0,uom.product_uom_unit,0,all_available,Jinasena_MasterData_Stock.stock_picking_type_manufacturing_505,seed_master_data_and_settings.company_jinasena_agricultural_machinery,warning,0,0,1,0.0,base.LKR,
mrp_bom_id_6612,1,normal,Jinasena_MasterData_Stock.product_template_drum_axel_331419,1.0,uom.product_uom_unit,0,all_available,Jinasena_MasterData_Stock.stock_picking_type_manufacturing_505,seed_master_data_and_settings.company_jinasena_agricultural_machinery,warning,0,0,1,0.0,base.LKR,
mrp_bom_id_6613,1,normal,Jinasena_MasterData_Stock.product_template_concave_pegs,1.0,uom.product_uom_unit,0,all_available,Jinasena_MasterData_Stock.stock_picking_type_manufacturing_505,seed_master_data_and_settings.company_jinasena_agricultural_machinery,warning,0,0,1,0.0,base.LKR,
mrp_bom_id_6614,1,normal,Jinasena_MasterData_Stock.product_template_bush_for_handle_pin_331421,1.0,uom.product_uom_unit,0,all_available,Jinasena_MasterData_Stock.stock_picking_type_manufacturing_505,seed_master_data_and_settings.company_jinasena_agricultural_machinery,warning,0,0,1,0.0,base.LKR,
mrp_bom_id_6615,1,normal,Jinasena_MasterData_Stock.product_template_pulliey_guard_bracket,1.0,uom.product_uom_unit,0,all_available,Jinasena_MasterData_Stock.stock_picking_type_manufacturing_505,seed_master_data_and_settings.company_jinasena_agricultural_machinery,warning,0,0,1,0.0,base.LKR,
mrp_bom_id_6617,1,normal,Jinasena_MasterData_Stock.product_template_motor_bracket_1,1.0,uom.product_uom_unit,0,all_available,Jinasena_MasterData_Stock.stock_picking_type_manufacturing_505,seed_master_data_and_settings.company_jinasena_agricultural_machinery,warning,0,0,1,0.0,base.LKR,
mrp_bom_id_6618,1,normal,Jinasena_MasterData_Stock.product_template_motor_bracket_cross,1.0,uom.product_uom_unit,0,all_available,Jinasena_MasterData_Stock.stock_picking_type_manufacturing_760,seed_master_data_and_settings.company_jinasena_agricultural_machinery,warning,0,0,1,0.0,base.LKR,
mrp_bom_id_6620,1,normal,Jinasena_MasterData_Stock.product_template_ss_pepper_thresher_1_5_hp_pt1_2_model,1.0,uom.product_uom_unit,0,all_available,Jinasena_MasterData_Stock.stock_picking_type_manufacturing_505,seed_master_data_and_settings.company_jinasena_agricultural_machinery,warning,0,0,1,0.0,base.LKR,
mrp_bom_id_6622,1,normal,Jinasena_MasterData_Stock.product_template_engine_guard_for_jmc_10d,1.0,uom.product_uom_unit,0,all_available,Jinasena_MasterData_Stock.stock_picking_type_manufacturing_760,seed_master_data_and_settings.company_jinasena_agricultural_machinery,warning,0,0,1,0.0,base.LKR,
mrp_bom_id_7981,1,normal,Jinasena_MasterData_Stock.product_template_impeller_vane_side_n110,1.0,uom.product_uom_unit,0,all_available,Jinasena_MasterData_Stock.stock_picking_type_manufacturing_796,seed_master_data_and_settings.company_jinasena_pvt_ltd,warning,0,0,1,0.0,base.LKR,
mrp_bom_id_7982,1,normal,Jinasena_MasterData_Stock.product_template_brass_insert_small,1.0,uom.product_uom_unit,0,all_available,Jinasena_MasterData_Stock.stock_picking_type_manufacturing_796,seed_master_data_and_settings.company_jinasena_pvt_ltd,warning,0,0,1,0.0,base.LKR,
mrp_bom_id_7983,1,normal,Jinasena_MasterData_Stock.product_template_impeller_stem_side_n110,1.0,uom.product_uom_unit,0,all_available,Jinasena_MasterData_Stock.stock_picking_type_manufacturing_796,seed_master_data_and_settings.company_jinasena_pvt_ltd,warning,0,0,1,0.0,base.LKR,
mrp_bom_id_7984,1,normal,Jinasena_MasterData_Stock.product_template_impeller_assy_n110,1.0,uom.product_uom_unit,0,all_available,Jinasena_MasterData_Stock.stock_picking_type_manufacturing_796,seed_master_data_and_settings.company_jinasena_pvt_ltd,warning,0,0,1,0.0,base.LKR,
mrp_bom_id_7985,1,normal,Jinasena_MasterData_Stock.product_template_noryl_imp_n110_1_usw_machining_completed,1.0,uom.product_uom_unit,0,all_available,Jinasena_MasterData_Stock.stock_picking_type_manufacturing_784,seed_master_data_and_settings.company_jinasena_pvt_ltd,warning,0,0,1,0.0,base.LKR,
mrp_bom_id_7986,1,normal,Jinasena_MasterData_Stock.product_template_rotor_with_shaft_n110t_1n_machining_comp,1.0,uom.product_uom_unit,0,all_available,Jinasena_MasterData_Stock.stock_picking_type_manufacturing_134,seed_master_data_and_settings.company_jinasena_pvt_ltd,warning,0,0,1,0.0,base.LKR,
mrp_bom_id_7987,1,normal,Jinasena_MasterData_Stock.product_template_rotor_shaft_with_bearing_n110t_1n_comple,1.0,uom.product_uom_unit,0,all_available,Jinasena_MasterData_Stock.stock_picking_type_manufacturing_125,seed_master_data_and_settings.company_jinasena_pvt_ltd,warning,0,0,1,0.0,base.LKR,
mrp_bom_id_7988,1,normal,Jinasena_MasterData_Stock.product_template_c_i_end_cover_n110t_1n_machining_complet,1.0,uom.product_uom_unit,0,all_available,Jinasena_MasterData_Stock.stock_picking_type_manufacturing_784,seed_master_data_and_settings.company_jinasena_pvt_ltd,warning,0,0,1,0.0,base.LKR,
mrp_bom_id_7989,1,normal,Jinasena_MasterData_Stock.product_template_c_i_end_cover_n110t_1n_primer_painted,1.0,uom.product_uom_unit,0,all_available,Jinasena_MasterData_Stock.stock_picking_type_manufacturing_784,seed_master_data_and_settings.company_jinasena_pvt_ltd,warning,0,0,1,0.0,base.LKR,
mrp_bom_id_7990,1,normal,Jinasena_MasterData_Stock.product_template_c_i_end_cover_n110t_1n_gold_painted,1.0,uom.product_uom_unit,0,all_available,Jinasena_MasterData_Stock.stock_picking_type_manufacturing_143,seed_master_data_and_settings.company_jinasena_pvt_ltd,warning,0,0,1,0.0,base.LKR,
mrp_bom_id_7991,1,normal,Jinasena_MasterData_Stock.product_template_c_i_end_cover_n110t_1n_cleaned,1.0,uom.product_uom_unit,0,all_available,Jinasena_MasterData_Stock.stock_picking_type_manufacturing_125,seed_master_data_and_settings.company_jinasena_pvt_ltd,warning,0,0,1,0.0,base.LKR,
mrp_bom_id_7992,1,normal,Jinasena_MasterData_Stock.product_template_c_i_pump_body_n110t_1n,1.0,uom.product_uom_unit,0,all_available,Jinasena_MasterData_Stock.stock_picking_type_manufacturing_226,seed_master_data_and_settings.company_jinasena_pvt_ltd,warning,0,0,1,0.0,base.LKR,
mrp_bom_id_7993,1,normal,Jinasena_MasterData_Stock.product_template_c_i_pump_body_n110t_1n_machining_complet,1.0,uom.product_uom_unit,0,all_available,Jinasena_MasterData_Stock.stock_picking_type_manufacturing_784,seed_master_data_and_settings.company_jinasena_pvt_ltd,warning,0,0,1,0.0,base.LKR,
mrp_bom_id_7994,1,normal,Jinasena_MasterData_Stock.product_template_c_i_pump_body_n110t_1n_primer_painted,1.0,uom.product_uom_unit,0,all_available,Jinasena_MasterData_Stock.stock_picking_type_manufacturing_784,seed_master_data_and_settings.company_jinasena_pvt_ltd,warning,0,0,1,0.0,base.LKR,
mrp_bom_id_7995,1,normal,Jinasena_MasterData_Stock.product_template_c_i_pump_body_n110t_1n_gold_painted,1.0,uom.product_uom_unit,0,all_available,Jinasena_MasterData_Stock.stock_picking_type_manufacturing_143,seed_master_data_and_settings.company_jinasena_pvt_ltd,warning,0,0,1,0.0,base.LKR,
mrp_bom_id_7996,1,normal,Jinasena_MasterData_Stock.product_template_c_i_pump_body_n110t_1n_cleaned,1.0,uom.product_uom_unit,0,all_available,Jinasena_MasterData_Stock.stock_picking_type_manufacturing_125,seed_master_data_and_settings.company_jinasena_pvt_ltd,warning,0,0,1,0.0,base.LKR,
mrp_bom_id_7997,1,normal,Jinasena_MasterData_Stock.product_template_ultra_dur_fan_m125_red_injection_moulded,1.0,uom.product_uom_unit,0,all_available,Jinasena_MasterData_Stock.stock_picking_type_manufacturing_796,seed_master_data_and_settings.company_jinasena_pvt_ltd,warning,0,0,1,0.0,base.LKR,
mrp_bom_id_7998,1,normal,Jinasena_MasterData_Stock.product_template_ultra_dur_fan_m125_red_drilled,1.0,uom.product_uom_unit,0,all_available,Jinasena_MasterData_Stock.stock_picking_type_manufacturing_784,seed_master_data_and_settings.company_jinasena_pvt_ltd,warning,0,0,1,0.0,base.LKR,
mrp_bom_id_7999,1,normal,Jinasena_MasterData_Stock.product_template_pl_motor_foot,1.0,uom.product_uom_unit,0,all_available,Jinasena_MasterData_Stock.stock_picking_type_manufacturing_796,seed_master_data_and_settings.company_jinasena_pvt_ltd,warning,0,0,1,0.0,base.LKR,
mrp_bom_id_8000,1,normal,Jinasena_MasterData_Stock.product_template_fan_cover_nr110_1_injection_moulded,1.0,uom.product_uom_unit,0,all_available,Jinasena_MasterData_Stock.stock_picking_type_manufacturing_796,seed_master_data_and_settings.company_jinasena_pvt_ltd,warning,0,0,1,0.0,base.LKR,
mrp_bom_id_8001,1,normal,Jinasena_MasterData_Stock.product_template_fan_cover_nr110_1_drilled,1.0,uom.product_uom_unit,0,all_available,Jinasena_MasterData_Stock.stock_picking_type_manufacturing_784,seed_master_data_and_settings.company_jinasena_pvt_ltd,warning,0,0,1,0.0,base.LKR,
mrp_bom_id_8002,1,normal,Jinasena_MasterData_Stock.product_template_plastic_connector_nr105_1,1.0,uom.product_uom_unit,0,all_available,,seed_master_data_and_settings.company_jinasena_pvt_ltd,warning,0,0,1,0.0,base.LKR,
mrp_bom_id_8003,1,normal,Jinasena_MasterData_Stock.product_template_terminal_box_and_cover_nr115_1_al_m_hous,1.0,uom.product_uom_unit,0,all_available,Jinasena_MasterData_Stock.stock_picking_type_manufacturing_796,seed_master_data_and_settings.company_jinasena_pvt_ltd,warning,0,0,1,0.0,base.LKR,
mrp_bom_id_8004,1,normal,Jinasena_MasterData_Stock.product_template_terminal_box_and_cover_nr115_1_machining,1.0,uom.product_uom_unit,0,all_available,Jinasena_MasterData_Stock.stock_picking_type_manufacturing_784,seed_master_data_and_settings.company_jinasena_pvt_ltd,warning,0,0,1,0.0,base.LKR,
mrp_bom_id_8005,1,normal,Jinasena_MasterData_Stock.product_template_terminal_box_and_cover_nr115_1_ready_to_,1.0,uom.product_uom_unit,0,all_available,Jinasena_MasterData_Stock.stock_picking_type_manufacturing_125,seed_master_data_and_settings.company_jinasena_pvt_ltd,warning,0,0,1,0.0,base.LKR,
mrp_bom_id_8006,1,normal,Jinasena_MasterData_Stock.product_template_terminal_box_and_cover_nr115_1_assembly,1.0,uom.product_uom_unit,0,all_available,Jinasena_MasterData_Stock.stock_picking_type_manufacturing_125,seed_master_data_and_settings.company_jinasena_pvt_ltd,warning,0,0,1,0.0,base.LKR,
mrp_bom_id_8007,1,normal,Jinasena_MasterData_Stock.product_template_running_capacitor_16_mfd_with_wire_and_l,1.0,uom.product_uom_unit,0,all_available,Jinasena_MasterData_Stock.stock_picking_type_manufacturing_125,seed_master_data_and_settings.company_jinasena_pvt_ltd,warning,0,0,1,0.0,base.LKR,
mrp_bom_id_8008,1,normal,Jinasena_MasterData_Stock.product_template_extruded_al_housing_jin2_118_machining_c,1.0,uom.product_uom_unit,0,all_available,Jinasena_MasterData_Stock.stock_picking_type_manufacturing_784,seed_master_data_and_settings.company_jinasena_pvt_ltd,warning,0,0,1,0.0,base.LKR,
mrp_bom_id_8009,1,normal,Jinasena_MasterData_Stock.product_template_extruded_alu_housing_jin2_118mm_n110_gol,1.0,uom.product_uom_unit,0,all_available,Jinasena_MasterData_Stock.stock_picking_type_manufacturing_143,seed_master_data_and_settings.company_jinasena_pvt_ltd,warning,0,0,1,0.0,base.LKR,
mrp_bom_id_8010,1,normal,Jinasena_MasterData_Stock.product_template_coil_set_3_4_2_1_n110t_1n_starting,1.0,uom.product_uom_unit,0,all_available,Jinasena_MasterData_Stock.stock_picking_type_manufacturing_134,seed_master_data_and_settings.company_jinasena_pvt_ltd,warning,0,0,1,0.0,base.LKR,
mrp_bom_id_8011,1,normal,Jinasena_MasterData_Stock.product_template_coil_set_3_4_2_1_n110t_1n_running,1.0,uom.product_uom_unit,0,all_available,Jinasena_MasterData_Stock.stock_picking_type_manufacturing_134,seed_master_data_and_settings.company_jinasena_pvt_ltd,warning,0,0,1,0.0,base.LKR,
mrp_bom_id_8012,1,normal,Jinasena_MasterData_Stock.product_template_wound_lampack_3_4_2_1_n110t_1n,1.0,uom.product_uom_unit,0,all_available,Jinasena_MasterData_Stock.stock_picking_type_manufacturing_134,seed_master_data_and_settings.company_jinasena_pvt_ltd,warning,0,0,1,0.0,base.LKR,
mrp_bom_id_8013,1,normal,Jinasena_MasterData_Stock.product_template_wound_lampack_3_4_2_1_n110t_1n_assembly,1.0,uom.product_uom_unit,0,all_available,Jinasena_MasterData_Stock.stock_picking_type_manufacturing_125,seed_master_data_and_settings.company_jinasena_pvt_ltd,warning,0,0,1,0.0,base.LKR,
mrp_bom_id_8014,1,normal,Jinasena_MasterData_Stock.product_template_pump_motor_n110t_1n_3_4_2_1,1.0,uom.product_uom_unit,0,all_available,Jinasena_MasterData_Stock.stock_picking_type_manufacturing_125,seed_master_data_and_settings.company_jinasena_pvt_ltd,warning,0,0,1,0.0,base.LKR,2025-06-12 03:21:07
mrp_bom_id_8016,1,normal,Jinasena_MasterData_Stock.product_template_toc_wire_with_lug_short,1.0,uom.product_uom_unit,0,all_available,Jinasena_MasterData_Stock.stock_picking_type_manufacturing_125,seed_master_data_and_settings.company_jinasena_pvt_ltd,warning,0,0,1,0.0,base.LKR,
mrp_bom_id_8017,1,normal,Jinasena_MasterData_Stock.product_template_toc_wire_with_lug_long,1.0,uom.product_uom_unit,0,all_available,Jinasena_MasterData_Stock.stock_picking_type_manufacturing_125,seed_master_data_and_settings.company_jinasena_pvt_ltd,warning,0,0,1,0.0,base.LKR,
mrp_bom_id_8018,1,normal,Jinasena_MasterData_Stock.product_template_pl_plug_del_end_qm100,1.0,uom.product_uom_unit,0,all_available,Jinasena_MasterData_Stock.stock_picking_type_manufacturing_796,seed_master_data_and_settings.company_jinasena_pvt_ltd,warning,0,0,1,0.0,base.LKR,
mrp_bom_id_8019,1,normal,Jinasena_MasterData_Stock.product_template_brass_flat_washer_nr115,1.0,uom.product_uom_unit,0,all_available,Jinasena_MasterData_Stock.stock_picking_type_manufacturing_784,seed_master_data_and_settings.company_jinasena_pvt_ltd,warning,0,0,1,0.0,base.LKR,
mrp_bom_id_8020,1,normal,Jinasena_MasterData_Stock.product_template_stud_6mm,1.0,uom.product_uom_unit,0,all_available,Jinasena_MasterData_Stock.stock_picking_type_manufacturing_784,seed_master_data_and_settings.company_jinasena_pvt_ltd,warning,0,0,1,0.0,base.LKR,
mrp_bom_id_8021,1,normal,Jinasena_MasterData_Stock.product_template_plastic_priming_plug_16mm,1.0,uom.product_uom_unit,0,all_available,Jinasena_MasterData_Stock.stock_picking_type_manufacturing_796,seed_master_data_and_settings.company_jinasena_pvt_ltd,warning,0,0,1,0.0,base.LKR,
mrp_bom_id_8022,1,normal,Jinasena_MasterData_Stock.product_template_n110_1_volute_casing_ci_gold_painted,1.0,uom.product_uom_unit,0,all_available,Jinasena_MasterData_Stock.stock_picking_type_manufacturing_143,seed_master_data_and_settings.company_jinasena_pvt_ltd,warning,0,0,1,0.0,base.LKR,
mrp_bom_id_8023,1,normal,Jinasena_MasterData_Stock.product_template_n110_1_volute_casing_ci_machining_comple,1.0,uom.product_uom_unit,0,all_available,Jinasena_MasterData_Stock.stock_picking_type_manufacturing_784,seed_master_data_and_settings.company_jinasena_pvt_ltd,warning,0,0,1,0.0,base.LKR,
mrp_bom_id_8024,1,normal,Jinasena_MasterData_Stock.product_template_c_i_vol_casing_n110_1_casted,1.0,uom.product_uom_unit,0,all_available,Jinasena_MasterData_Stock.stock_picking_type_manufacturing_226,seed_master_data_and_settings.company_jinasena_pvt_ltd,warning,0,0,1,0.0,base.LKR,
mrp_bom_id_8025,1,normal,Jinasena_MasterData_Stock.product_template_melt_cast_iron,1.0,uom.product_uom_kgm,0,all_available,Jinasena_MasterData_Stock.stock_picking_type_manufacturing_226,seed_master_data_and_settings.company_jinasena_pvt_ltd,warning,0,0,1,0.0,base.LKR,
mrp_bom_id_8026,1,normal,Jinasena_MasterData_Stock.product_template_scrap_cast_iron_engine_block_broken,1.0,uom.product_uom_kgm,0,all_available,Jinasena_MasterData_Stock.stock_picking_type_manufacturing_226,seed_master_data_and_settings.company_jinasena_pvt_ltd,warning,0,0,1,0.0,base.LKR,
mrp_bom_id_8027,1,normal,Jinasena_MasterData_Stock.product_template_scrap_normal_cast_iron_broken,1.0,uom.product_uom_kgm,0,all_available,Jinasena_MasterData_Stock.stock_picking_type_manufacturing_226,seed_master_data_and_settings.company_jinasena_pvt_ltd,warning,0,0,1,0.0,base.LKR,
mrp_bom_id_8028,1,normal,Jinasena_MasterData_Stock.product_template_steel_scrap_cut,1.0,uom.product_uom_kgm,0,all_available,Jinasena_MasterData_Stock.stock_picking_type_manufacturing_226,seed_master_data_and_settings.company_jinasena_pvt_ltd,warning,0,0,1,0.0,base.LKR,
mrp_bom_id_8029,1,normal,Jinasena_MasterData_Stock.product_template_heads_risers_cast_iron_broken,1.0,uom.product_uom_kgm,0,all_available,Jinasena_MasterData_Stock.stock_picking_type_manufacturing_226,seed_master_data_and_settings.company_jinasena_pvt_ltd,warning,0,0,1,0.0,base.LKR,
mrp_bom_id_8030,1,normal,Jinasena_MasterData_Stock.product_template_green_sand_facing_sand,1.0,uom.product_uom_kgm,0,all_available,Jinasena_MasterData_Stock.stock_picking_type_manufacturing_226,seed_master_data_and_settings.company_jinasena_pvt_ltd,warning,0,0,1,0.0,base.LKR,
mrp_bom_id_8031,1,normal,Jinasena_MasterData_Stock.product_template_volute_core_n110t_1n,1.0,uom.product_uom_unit,0,all_available,Jinasena_MasterData_Stock.stock_picking_type_manufacturing_226,seed_master_data_and_settings.company_jinasena_pvt_ltd,warning,0,0,1,0.0,base.LKR,
mrp_bom_id_8032,1,normal,Jinasena_MasterData_Stock.product_template_core_sand,1.0,uom.product_uom_kgm,0,all_available,Jinasena_MasterData_Stock.stock_picking_type_manufacturing_226,seed_master_data_and_settings.company_jinasena_pvt_ltd,warning,0,0,1,0.0,base.LKR,
mrp_bom_id_8034,1,normal,Jinasena_MasterData_Stock.product_template_c_i_end_cover_n110t_1n,1.0,uom.product_uom_unit,0,all_available,Jinasena_MasterData_Stock.stock_picking_type_manufacturing_226,seed_master_data_and_settings.company_jinasena_pvt_ltd,warning,0,0,1,0.0,base.LKR,
mrp_bom_id_8276,1,normal,Jinasena_MasterData_Stock.product_template_tractor_bracket_assey_for_jmc6,1.0,uom.product_uom_unit,0,all_available,Jinasena_MasterData_Stock.stock_picking_type_manufacturing_760,seed_master_data_and_settings.company_jinasena_agricultural_machinery,warning,0,0,1,0.0,base.LKR,
mrp_bom_id_8279,1,normal,Jinasena_MasterData_Stock.product_template_adjuster_bush_plate,1.0,uom.product_uom_unit,0,all_available,Jinasena_MasterData_Stock.stock_picking_type_manufacturing_760,seed_master_data_and_settings.company_jinasena_agricultural_machinery,warning,0,0,1,0.0,base.LKR,
mrp_bom_id_8328,1,normal,Jinasena_MasterData_Stock.product_template_adjuster_pipe_tractor_bracket,1.0,uom.product_uom_unit,0,all_available,Jinasena_MasterData_Stock.stock_picking_type_manufacturing_760,seed_master_data_and_settings.company_jinasena_agricultural_machinery,warning,0,0,1,0.0,base.LKR,
mrp_bom_id_8330,1,normal,Jinasena_MasterData_Stock.product_template_adjuster_pipe_base,1.0,uom.product_uom_unit,0,all_available,Jinasena_MasterData_Stock.stock_picking_type_manufacturing_760,seed_master_data_and_settings.company_jinasena_agricultural_machinery,warning,0,0,1,0.0,base.LKR,
